CommandLine, Time, Executable, Parent PID, PID, User, Privileges
"C:\Windows\system32\SearchFilterHost.exe" 0 796 800 808 8192 804 780  , 20231031153246.753995+000 , C:\Windows\system32\SearchFilterHost.exe,988 , 5696 , ('NT AUTHORITY', 0, 'SYSTEM') , N/A
"C:\Windows\system32\cmd.exe"  , 20231031153256.506017+000 , C:\Windows\system32\cmd.exe,1176 , 3116 , ('DESKTOP-CQ9GT7R', 0, 'BULFU') , N/A
\??\C:\Windows\system32\conhost.exe 0x4 , 20231031153256.710136+000 , C:\Windows\system32\conhost.exe,3116 , 4416 , ('DESKTOP-CQ9GT7R', 0, 'BULFU') , N/A
notepad.exe , 20231031153316.319738+000 , C:\Windows\system32\notepad.exe,3116 , 3856 , ('DESKTOP-CQ9GT7R', 0, 'BULFU') , N/A
calc.exe , 20231031153323.919639+000 , C:\Windows\system32\calc.exe,3116 , 1500 , ('DESKTOP-CQ9GT7R', 0, 'BULFU') , N/A
"C:\Program Files\WindowsApps\Microsoft.WindowsCalculator_11.2307.4.0_x64__8wekyb3d8bbwe\CalculatorApp.exe" -ServerName:App.AppXjvs2nbwryyqjz1h8d8v70f70g3rgdcyb.mca , 20231031153326.173792+000 , C:\Program Files\WindowsApps\Microsoft.WindowsCalculator_11.2307.4.0_x64__8wekyb3d8bbwe\CalculatorApp.exe,700 , 1968 , ('DESKTOP-CQ9GT7R', 0, 'BULFU') , N/A
C:\Windows\system32\ApplicationFrameHost.exe -Embedding , 20231031153325.912434+000 , None,700 , 5464 , ('DESKTOP-CQ9GT7R', 0, 'BULFU') , N/A
C:\Windows\system32\DllHost.exe /Processid:{AB8902B4-09CA-4BB6-B78D-A8F59079A8D5} , 20231031153328.739943+000 , C:\Windows\system32\DllHost.exe,700 , 3040 , ('DESKTOP-CQ9GT7R', 0, 'BULFU') , N/A
C:\Windows\System32\RuntimeBroker.exe -Embedding , 20231031153334.119254+000 , C:\Windows\System32\RuntimeBroker.exe,700 , 5320 , ('DESKTOP-CQ9GT7R', 0, 'BULFU') , N/A
"C:\Windows\SysWOW64\DllHost.exe" /Processid:{776DBC8D-7347-478C-8D71-791E12EF49D8} , 20231031153406.755026+000 , None,700 , 5232 , ('DESKTOP-CQ9GT7R', 0, 'BULFU') , N/A
consent.exe 968 288 00000199513DB6E0 , 20231031153407.674199+000 , C:\Windows\system32\consent.exe,968 , 5880 , ('NT AUTHORITY', 0, 'SYSTEM') , N/A
"C:\Windows\system32\cmd.exe"  , 20231031153410.311732+000 , None,1176 , 1572 , ('DESKTOP-CQ9GT7R', 0, 'BULFU') , N/A
\??\C:\Windows\system32\conhost.exe 0x4 , 20231031153410.502561+000 , C:\Windows\system32\conhost.exe,1572 , 2120 , ('DESKTOP-CQ9GT7R', 0, 'BULFU') , N/A
bhservice.exe  start , 20231031153504.100766+000 , C:\Users\BULFU\Desktop\blackhat\Chapter10\bhservice\dist\bhservice.exe,1572 , 4264 , ('DESKTOP-CQ9GT7R', 0, 'BULFU') , N/A
bhservice.exe  start , 20231031153504.483655+000 , C:\Users\BULFU\Desktop\blackhat\Chapter10\bhservice\dist\bhservice.exe,4264 , 3172 , ('DESKTOP-CQ9GT7R', 0, 'BULFU') , N/A
"C:\Windows\system32\SearchFilterHost.exe" 0 796 800 808 8192 804 780  , 20231031153506.095778+000 , C:\Windows\system32\SearchFilterHost.exe,988 , 5620 , ('NT AUTHORITY', 0, 'SYSTEM') , N/A
"C:\Users\BULFU\Desktop\blackhat\Chapter10\bhservice\dist\bhservice.exe" , 20231031153506.922759+000 , C:\Users\BULFU\Desktop\blackhat\Chapter10\bhservice\dist\bhservice.exe,572 , 3228 , ('NT AUTHORITY', 0, 'SYSTEM') , N/A
"C:\Users\BULFU\Desktop\blackhat\Chapter10\bhservice\dist\bhservice.exe" , 20231031153507.151795+000 , C:\Users\BULFU\Desktop\blackhat\Chapter10\bhservice\dist\bhservice.exe,3228 , 3860 , ('NT AUTHORITY', 0, 'SYSTEM') , N/A
\??\C:\Windows\system32\conhost.exe 0x4 , 20231031153507.157417+000 , C:\Windows\system32\conhost.exe,3860 , 4396 , ('NT AUTHORITY', 0, 'SYSTEM') , N/A
C:\Windows\system32\DllHost.exe /Processid:{AB8902B4-09CA-4BB6-B78D-A8F59079A8D5} , 20231031153524.508718+000 , C:\Windows\system32\DllHost.exe,700 , 1228 , ('DESKTOP-CQ9GT7R', 0, 'BULFU') , N/A
CommandLine, Time, Executable, Parent PID, PID, User, Privileges
notepad.exe , 20231031162525.086864+000 , None,3116 , 5156 , ('DESKTOP-CQ9GT7R', 0, 'BULFU') , SeChangeNotifyPrivilege|
cscript.exe C:\Users\BULFU\Desktop\blackhat\temp\bhservice_task.vbs , 20231031162530.872419+000 , C:\Windows\system32\cscript.exe,3860 , 5696 , ('NT AUTHORITY', 0, 'SYSTEM') , N/A
calc.exe , 20231031162546.817091+000 , None,3116 , 4232 , ('DESKTOP-CQ9GT7R', 0, 'BULFU') , SeChangeNotifyPrivilege|
"C:\Program Files\WindowsApps\Microsoft.WindowsCalculator_11.2307.4.0_x64__8wekyb3d8bbwe\CalculatorApp.exe" -ServerName:App.AppXjvs2nbwryyqjz1h8d8v70f70g3rgdcyb.mca , 20231031162547.645525+000 , None,700 , 5808 , ('DESKTOP-CQ9GT7R', 0, 'BULFU') , SeChangeNotifyPrivilege|
C:\Windows\System32\RuntimeBroker.exe -Embedding , 20231031162550.804778+000 , None,700 , 3120 , ('DESKTOP-CQ9GT7R', 0, 'BULFU') , SeChangeNotifyPrivilege|
cscript.exe C:\Users\BULFU\Desktop\blackhat\temp\bhservice_task.vbs , 20231031162632.088041+000 , C:\Windows\system32\cscript.exe,3860 , 5236 , ('NT AUTHORITY', 0, 'SYSTEM') , N/A
"C:\Windows\system32\backgroundTaskHost.exe" -ServerName:ShellFeedsUI.AppXnj65k2d1a1rnztt2t2nng5ctmk3e76pn.mca , 20231031162650.616756+000 , C:\Windows\system32\backgroundTaskHost.exe,700 , 3580 , ('DESKTOP-CQ9GT7R', 0, 'BULFU') , SeChangeNotifyPrivilege|
"C:\Windows\system32\backgroundTaskHost.exe" -ServerName:App.AppXmtcan0h2tfbfy7k9kn8hbxb6dmzz1zh0.mca , 20231031162650.627993+000 , C:\Windows\system32\backgroundTaskHost.exe,700 , 5500 , ('DESKTOP-CQ9GT7R', 0, 'BULFU') , SeChangeNotifyPrivilege|
C:\Windows\System32\RuntimeBroker.exe -Embedding , 20231031162653.473392+000 , C:\Windows\System32\RuntimeBroker.exe,700 , 5252 , ('DESKTOP-CQ9GT7R', 0, 'BULFU') , SeChangeNotifyPrivilege|
C:\Windows\System32\RuntimeBroker.exe -Embedding , 20231031162653.896359+000 , C:\Windows\System32\RuntimeBroker.exe,700 , 2928 , ('DESKTOP-CQ9GT7R', 0, 'BULFU') , SeChangeNotifyPrivilege|
C:\Windows\System32\mousocoreworker.exe -Embedding , 20231031162656.634249+000 , None,700 , 2096 , ('NT AUTHORITY', 0, 'SYSTEM') , N/A
"C:\Windows\system32\SearchFilterHost.exe" 0 796 800 808 8192 804 780  , 20231031162705.690128+000 , C:\Windows\system32\SearchFilterHost.exe,988 , 3676 , ('NT AUTHORITY', 0, 'SYSTEM') , SeChangeNotifyPrivilege|
None , 20231031162707.201249+000 , None,572 , 1852 , ('NT AUTHORITY', 0, 'SYSTEM') , N/A
cscript.exe C:\Users\BULFU\Desktop\blackhat\temp\bhservice_task.vbs , 20231031162733.444782+000 , C:\Windows\system32\cscript.exe,3860 , 5136 , ('NT AUTHORITY', 0, 'SYSTEM') , N/A
cscript.exe C:\Users\BULFU\Desktop\blackhat\temp\bhservice_task.vbs , 20231031162834.638083+000 , C:\Windows\system32\cscript.exe,3860 , 5656 , ('NT AUTHORITY', 0, 'SYSTEM') , N/A
CommandLine, Time, Executable, Parent PID, PID, User, Privileges
cscript.exe C:\Users\BULFU\Desktop\blackhat\temp\bhservice_task.vbs , 20231031163139.113166+000 , C:\Windows\system32\cscript.exe,3860 , 844 , ('NT AUTHORITY', 0, 'SYSTEM') , N/A
cscript.exe C:\Users\BULFU\Desktop\blackhat\temp\bhservice_task.vbs , 20231031163240.321045+000 , C:\Windows\system32\cscript.exe,3860 , 4576 , ('NT AUTHORITY', 0, 'SYSTEM') , N/A
"C:\Windows\system32\SearchFilterHost.exe" 0 796 800 808 8192 804 780  , 20231031163241.663136+000 , C:\Windows\system32\SearchFilterHost.exe,988 , 3040 , ('NT AUTHORITY', 0, 'SYSTEM') , SeChangeNotifyPrivilege|
cscript.exe C:\Users\BULFU\Desktop\blackhat\temp\bhservice_task.vbs , 20231031163341.526003+000 , C:\Windows\system32\cscript.exe,3860 , 2956 , ('NT AUTHORITY', 0, 'SYSTEM') , N/A
cscript.exe C:\Users\BULFU\Desktop\blackhat\temp\bhservice_task.vbs , 20231031163442.750967+000 , C:\Windows\system32\cscript.exe,3860 , 5724 , ('NT AUTHORITY', 0, 'SYSTEM') , N/A
"C:\Windows\system32\SearchFilterHost.exe" 0 796 800 808 8192 804 780  , 20231031163443.824985+000 , C:\Windows\system32\SearchFilterHost.exe,988 , 3776 , ('NT AUTHORITY', 0, 'SYSTEM') , SeChangeNotifyPrivilege|
"/C/Program Files/Sublime Text/sublime_text.exe" --crawl 5612crawl146s0 5612crawl146r0 5612 "/C/Users/BULFU/AppData/Roaming/Sublime Text" "/C/Users/BULFU/AppData/Local/Sublime Text" "/C/Program Files/Sublime Text/Packages" , 20231031163443.877187+000 , C:\Program Files\Sublime Text\sublime_text.exe,5612 , 3936 , ('DESKTOP-CQ9GT7R', 0, 'BULFU') , SeChangeNotifyPrivilege|
cscript.exe C:\Users\BULFU\Desktop\blackhat\temp\bhservice_task.vbs , 20231031163543.932165+000 , C:\Windows\system32\cscript.exe,3860 , 3140 , ('NT AUTHORITY', 0, 'SYSTEM') , N/A
cscript.exe C:\Users\BULFU\Desktop\blackhat\temp\bhservice_task.vbs , 20231031163645.133732+000 , C:\Windows\system32\cscript.exe,3860 , 1668 , ('NT AUTHORITY', 0, 'SYSTEM') , N/A
"C:\Windows\system32\SearchFilterHost.exe" 0 796 800 808 8192 804 780  , 20231031163646.198203+000 , C:\Windows\system32\SearchFilterHost.exe,988 , 1032 , ('NT AUTHORITY', 0, 'SYSTEM') , SeChangeNotifyPrivilege|
C:\Windows\System32\RuntimeBroker.exe -Embedding , 20231031163737.892942+000 , C:\Windows\System32\RuntimeBroker.exe,700 , 4724 , ('DESKTOP-CQ9GT7R', 0, 'BULFU') , SeChangeNotifyPrivilege|
None , 20231031163737.346469+000 , None,572 , 5408 , ('NT AUTHORITY', 0, 'SYSTEM') , N/A
"C:\Windows\system32\backgroundTaskHost.exe" -ServerName:Microsoft.MicrosoftOfficeHub.AppX54h2e8jwdm50fj5ha8987vz1etpx7czd.mca , 20231031163737.579053+000 , C:\Windows\system32\backgroundTaskHost.exe,700 , 612 , ('DESKTOP-CQ9GT7R', 0, 'BULFU') , SeChangeNotifyPrivilege|
cscript.exe C:\Users\BULFU\Desktop\blackhat\temp\bhservice_task.vbs , 20231031163746.292025+000 , C:\Windows\system32\cscript.exe,3860 , 5944 , ('NT AUTHORITY', 0, 'SYSTEM') , N/A
"/C/Program Files/Sublime Text/sublime_text.exe" --crawl 5612crawl155s0 5612crawl155r0 5612 "/C/Users/BULFU/AppData/Roaming/Sublime Text" "/C/Users/BULFU/AppData/Local/Sublime Text" "/C/Program Files/Sublime Text/Packages" , 20231031163747.405462+000 , C:\Program Files\Sublime Text\sublime_text.exe,5612 , 3980 , ('DESKTOP-CQ9GT7R', 0, 'BULFU') , SeChangeNotifyPrivilege|
cscript.exe C:\Users\BULFU\Desktop\blackhat\temp\bhservice_task.vbs , 20231031163847.492735+000 , C:\Windows\system32\cscript.exe,3860 , 4392 , ('NT AUTHORITY', 0, 'SYSTEM') , N/A
"C:\Windows\system32\SearchFilterHost.exe" 0 796 800 808 8192 804 780  , 20231031163848.568072+000 , C:\Windows\system32\SearchFilterHost.exe,988 , 5532 , ('NT AUTHORITY', 0, 'SYSTEM') , SeChangeNotifyPrivilege|
C:\Windows\System32\mousocoreworker.exe -Embedding , 20231031163925.237519+000 , None,700 , 1440 , ('NT AUTHORITY', 0, 'SYSTEM') , N/A
taskhostw.exe Install $(Arg0) , 20231031163925.379680+000 , C:\Windows\system32\taskhostw.exe,968 , 3544 , ('DESKTOP-CQ9GT7R', 0, 'BULFU') , SeChangeNotifyPrivilege|
C:\Windows\servicing\TrustedInstaller.exe , 20231031163925.894957+000 , C:\Windows\servicing\TrustedInstaller.exe,572 , 5888 , ('NT AUTHORITY', 0, 'SYSTEM') , N/A
taskhostw.exe , 20231031163926.505075+000 , C:\Windows\system32\taskhostw.exe,968 , 1716 , ('NT AUTHORITY', 0, 'SYSTEM') , N/A
C:\Windows\winsxs\amd64_microsoft-windows-servicingstack_31bf3856ad364e35_10.0.19041.3562_none_7e0523f67c93b82a\TiWorker.exe -Embedding , 20231031163928.332041+000 , None,700 , 3928 , ('NT AUTHORITY', 0, 'SYSTEM') , N/A
taskhostw.exe /RuntimeWide , 20231031163930.126798+000 , C:\Windows\system32\taskhostw.exe,968 , 2980 , ('NT AUTHORITY', 0, 'SYSTEM') , N/A
None , 20231031163930.549647+000 , None,572 , 5588 , ('NT AUTHORITY', 0, 'SYSTEM') , N/A
"C:\Windows\Microsoft.NET\Framework\v4.0.30319\NGenTask.exe" /RuntimeWide /StopEvent:488 , 20231031163936.995160+000 , None,2980 , 5392 , ('NT AUTHORITY', 0, 'SYSTEM') , N/A
\??\C:\Windows\system32\conhost.exe 0x4 , 20231031163939.821995+000 , None,5392 , 2312 , ('NT AUTHORITY', 0, 'SYSTEM') , N/A
"C:\Windows\Microsoft.NET\Framework\v4.0.30319\ngen.exe" RemoveTaskDelayStartTrigger /LegacyServiceBehavior , 20231031163940.553946+000 , C:\Windows\Microsoft.NET\Framework\v4.0.30319\ngen.exe,5392 , 5628 , ('NT AUTHORITY', 0, 'SYSTEM') , N/A
"C:\Windows\Microsoft.NET\Framework\v4.0.30319\ngen.exe" ExecuteQueuedItems /LegacyServiceBehavior , 20231031163941.437321+000 , C:\Windows\Microsoft.NET\Framework\v4.0.30319\ngen.exe,5392 , 4400 , ('NT AUTHORITY', 0, 'SYSTEM') , N/A
C:\Windows\Microsoft.NET\Framework\v4.0.30319\mscorsvw.exe -StartupEvent 21c -InterruptEvent 0 -NGENProcess 208 -Pipe 218 -Comment "NGen Worker Process" , 20231031163945.296564+000 , None,4400 , 5980 , ('NT AUTHORITY', 0, 'SYSTEM') , N/A
cscript.exe C:\Users\BULFU\Desktop\blackhat\temp\bhservice_task.vbs , 20231031163948.652597+000 , C:\Windows\system32\cscript.exe,3860 , 4504 , ('NT AUTHORITY', 0, 'SYSTEM') , N/A
C:\Windows\Microsoft.NET\Framework\v4.0.30319\mscorsvw.exe -StartupEvent 2b8 -InterruptEvent 0 -NGENProcess 2ac -Pipe 2a4 -Comment "NGen Worker Process" , 20231031163951.681813+000 , C:\Windows\Microsoft.NET\Framework\v4.0.30319\mscorsvw.exe,4400 , 4772 , ('NT AUTHORITY', 0, 'SYSTEM') , N/A
C:\Windows\Microsoft.NET\Framework\v4.0.30319\mscorsvw.exe -StartupEvent 2b8 -InterruptEvent 0 -NGENProcess 2d0 -Pipe 2e0 -Comment "NGen Worker Process" , 20231031163954.839997+000 , C:\Windows\Microsoft.NET\Framework\v4.0.30319\mscorsvw.exe,4400 , 3512 , ('NT AUTHORITY', 0, 'SYSTEM') , N/A
C:\Windows\Microsoft.NET\Framework\v4.0.30319\mscorsvw.exe -StartupEvent 2c0 -InterruptEvent 0 -NGENProcess 2dc -Pipe 2b8 -Comment "NGen Worker Process" , 20231031163955.779814+000 , C:\Windows\Microsoft.NET\Framework\v4.0.30319\mscorsvw.exe,4400 , 5648 , ('NT AUTHORITY', 0, 'SYSTEM') , N/A
C:\Windows\Microsoft.NET\Framework\v4.0.30319\mscorsvw.exe -StartupEvent 2c0 -InterruptEvent 0 -NGENProcess 2d0 -Pipe 2e8 -Comment "NGen Worker Process" , 20231031163956.542665+000 , C:\Windows\Microsoft.NET\Framework\v4.0.30319\mscorsvw.exe,4400 , 4072 , ('NT AUTHORITY', 0, 'SYSTEM') , N/A
C:\Windows\Microsoft.NET\Framework\v4.0.30319\mscorsvw.exe -StartupEvent 2e4 -InterruptEvent 0 -NGENProcess 2b4 -Pipe 2c0 -Comment "NGen Worker Process" , 20231031163959.048782+000 , C:\Windows\Microsoft.NET\Framework\v4.0.30319\mscorsvw.exe,4400 , 3832 , ('NT AUTHORITY', 0, 'SYSTEM') , N/A
C:\Windows\Microsoft.NET\Framework\v4.0.30319\mscorsvw.exe -StartupEvent 2e4 -InterruptEvent 0 -NGENProcess 2d0 -Pipe 2f0 -Comment "NGen Worker Process" , 20231031164005.149231+000 , C:\Windows\Microsoft.NET\Framework\v4.0.30319\mscorsvw.exe,4400 , 2112 , ('NT AUTHORITY', 0, 'SYSTEM') , N/A
C:\Windows\Microsoft.NET\Framework\v4.0.30319\mscorsvw.exe -StartupEvent 2ec -InterruptEvent 0 -NGENProcess 2d4 -Pipe 2e4 -Comment "NGen Worker Process" , 20231031164005.852201+000 , C:\Windows\Microsoft.NET\Framework\v4.0.30319\mscorsvw.exe,4400 , 2772 , ('NT AUTHORITY', 0, 'SYSTEM') , N/A
C:\Windows\Microsoft.NET\Framework\v4.0.30319\mscorsvw.exe -StartupEvent 2cc -InterruptEvent 0 -NGENProcess 2f8 -Pipe 2ec -Comment "NGen Worker Process" , 20231031164010.286335+000 , C:\Windows\Microsoft.NET\Framework\v4.0.30319\mscorsvw.exe,4400 , 5396 , ('NT AUTHORITY', 0, 'SYSTEM') , N/A
C:\Windows\Microsoft.NET\Framework\v4.0.30319\mscorsvw.exe -StartupEvent 2d8 -InterruptEvent 0 -NGENProcess 2b4 -Pipe 304 -Comment "NGen Worker Process" , 20231031164014.243284+000 , C:\Windows\Microsoft.NET\Framework\v4.0.30319\mscorsvw.exe,4400 , 3068 , ('NT AUTHORITY', 0, 'SYSTEM') , N/A
C:\Windows\Microsoft.NET\Framework\v4.0.30319\mscorsvw.exe -StartupEvent 2cc -InterruptEvent 0 -NGENProcess 2f4 -Pipe 2d8 -Comment "NGen Worker Process" , 20231031164014.866292+000 , C:\Windows\Microsoft.NET\Framework\v4.0.30319\mscorsvw.exe,4400 , 5484 , ('NT AUTHORITY', 0, 'SYSTEM') , N/A
C:\Windows\Microsoft.NET\Framework\v4.0.30319\mscorsvw.exe -StartupEvent 2f4 -InterruptEvent 0 -NGENProcess 308 -Pipe 2cc -Comment "NGen Worker Process" , 20231031164018.066231+000 , C:\Windows\Microsoft.NET\Framework\v4.0.30319\mscorsvw.exe,4400 , 3056 , ('NT AUTHORITY', 0, 'SYSTEM') , N/A
C:\Windows\Microsoft.NET\Framework\v4.0.30319\mscorsvw.exe -StartupEvent 30c -InterruptEvent 0 -NGENProcess 2dc -Pipe 2f4 -Comment "NGen Worker Process" , 20231031164021.369421+000 , C:\Windows\Microsoft.NET\Framework\v4.0.30319\mscorsvw.exe,4400 , 5128 , ('NT AUTHORITY', 0, 'SYSTEM') , N/A
C:\Windows\Microsoft.NET\Framework\v4.0.30319\mscorsvw.exe -StartupEvent 314 -InterruptEvent 0 -NGENProcess 300 -Pipe 30c -Comment "NGen Worker Process" , 20231031164022.527538+000 , C:\Windows\Microsoft.NET\Framework\v4.0.30319\mscorsvw.exe,4400 , 5064 , ('NT AUTHORITY', 0, 'SYSTEM') , N/A
C:\Windows\Microsoft.NET\Framework\v4.0.30319\mscorsvw.exe -StartupEvent 31c -InterruptEvent 0 -NGENProcess 2f8 -Pipe 314 -Comment "NGen Worker Process" , 20231031164023.518353+000 , C:\Windows\Microsoft.NET\Framework\v4.0.30319\mscorsvw.exe,4400 , 2488 , ('NT AUTHORITY', 0, 'SYSTEM') , N/A
C:\Windows\Microsoft.NET\Framework\v4.0.30319\mscorsvw.exe -StartupEvent 31c -InterruptEvent 0 -NGENProcess 310 -Pipe 328 -Comment "NGen Worker Process" , 20231031164024.493361+000 , C:\Windows\Microsoft.NET\Framework\v4.0.30319\mscorsvw.exe,4400 , 6044 , ('NT AUTHORITY', 0, 'SYSTEM') , N/A
C:\Windows\Microsoft.NET\Framework\v4.0.30319\mscorsvw.exe -StartupEvent 324 -InterruptEvent 0 -NGENProcess 2d4 -Pipe 31c -Comment "NGen Worker Process" , 20231031164025.894432+000 , C:\Windows\Microsoft.NET\Framework\v4.0.30319\mscorsvw.exe,4400 , 3772 , ('NT AUTHORITY', 0, 'SYSTEM') , N/A
C:\Windows\Microsoft.NET\Framework\v4.0.30319\mscorsvw.exe -StartupEvent 334 -InterruptEvent 0 -NGENProcess 32c -Pipe 310 -Comment "NGen Worker Process" , 20231031164027.846717+000 , None,4400 , 2344 , ('NT AUTHORITY', 0, 'SYSTEM') , N/A
C:\Windows\Microsoft.NET\Framework\v4.0.30319\mscorsvw.exe -StartupEvent 324 -InterruptEvent 0 -NGENProcess 310 -Pipe 330 -Comment "NGen Worker Process" , 20231031164027.393208+000 , C:\Windows\Microsoft.NET\Framework\v4.0.30319\mscorsvw.exe,4400 , 3136 , ('NT AUTHORITY', 0, 'SYSTEM') , N/A
C:\Windows\Microsoft.NET\Framework\v4.0.30319\mscorsvw.exe -StartupEvent 33c -InterruptEvent 0 -NGENProcess 308 -Pipe 2f8 -Comment "NGen Worker Process" , 20231031164029.577574+000 , C:\Windows\Microsoft.NET\Framework\v4.0.30319\mscorsvw.exe,4400 , 4508 , ('NT AUTHORITY', 0, 'SYSTEM') , N/A
C:\Windows\Microsoft.NET\Framework\v4.0.30319\mscorsvw.exe -StartupEvent 344 -InterruptEvent 0 -NGENProcess 300 -Pipe 2d4 -Comment "NGen Worker Process" , 20231031164031.780078+000 , C:\Windows\Microsoft.NET\Framework\v4.0.30319\mscorsvw.exe,4400 , 5344 , ('NT AUTHORITY', 0, 'SYSTEM') , N/A
C:\Windows\Microsoft.NET\Framework\v4.0.30319\mscorsvw.exe -StartupEvent 344 -InterruptEvent 0 -NGENProcess 32c -Pipe 348 -Comment "NGen Worker Process" , 20231031164032.199173+000 , C:\Windows\Microsoft.NET\Framework\v4.0.30319\mscorsvw.exe,4400 , 2256 , ('NT AUTHORITY', 0, 'SYSTEM') , N/A
C:\Windows\Microsoft.NET\Framework\v4.0.30319\mscorsvw.exe -StartupEvent 34c -InterruptEvent 0 -NGENProcess 2b4 -Pipe 32c -Comment "NGen Worker Process" , 20231031164034.747121+000 , C:\Windows\Microsoft.NET\Framework\v4.0.30319\mscorsvw.exe,4400 , 5944 , ('NT AUTHORITY', 0, 'SYSTEM') , N/A
C:\Windows\Microsoft.NET\Framework\v4.0.30319\mscorsvw.exe -StartupEvent 34c -InterruptEvent 0 -NGENProcess 308 -Pipe 350 -Comment "NGen Worker Process" , 20231031164035.627688+000 , C:\Windows\Microsoft.NET\Framework\v4.0.30319\mscorsvw.exe,4400 , 5836 , ('NT AUTHORITY', 0, 'SYSTEM') , N/A
C:\Windows\Microsoft.NET\Framework\v4.0.30319\mscorsvw.exe -StartupEvent 354 -InterruptEvent 0 -NGENProcess 334 -Pipe 308 -Comment "NGen Worker Process" , 20231031164038.922644+000 , C:\Windows\Microsoft.NET\Framework\v4.0.30319\mscorsvw.exe,4400 , 5712 , ('NT AUTHORITY', 0, 'SYSTEM') , N/A
C:\Windows\Microsoft.NET\Framework\v4.0.30319\mscorsvw.exe -StartupEvent 2b4 -InterruptEvent 0 -NGENProcess 324 -Pipe 300 -Comment "NGen Worker Process" , 20231031164041.781308+000 , C:\Windows\Microsoft.NET\Framework\v4.0.30319\mscorsvw.exe,4400 , 5772 , ('NT AUTHORITY', 0, 'SYSTEM') , N/A
C:\Windows\Microsoft.NET\Framework\v4.0.30319\mscorsvw.exe -StartupEvent 2b4 -InterruptEvent 0 -NGENProcess 33c -Pipe 35c -Comment "NGen Worker Process" , 20231031164042.464884+000 , C:\Windows\Microsoft.NET\Framework\v4.0.30319\mscorsvw.exe,4400 , 5244 , ('NT AUTHORITY', 0, 'SYSTEM') , N/A
C:\Windows\Microsoft.NET\Framework\v4.0.30319\mscorsvw.exe -StartupEvent 360 -InterruptEvent 0 -NGENProcess 334 -Pipe 33c -Comment "NGen Worker Process" , 20231031164044.477988+000 , C:\Windows\Microsoft.NET\Framework\v4.0.30319\mscorsvw.exe,4400 , 1660 , ('NT AUTHORITY', 0, 'SYSTEM') , N/A
C:\Windows\Microsoft.NET\Framework\v4.0.30319\mscorsvw.exe -StartupEvent 368 -InterruptEvent 0 -NGENProcess 2dc -Pipe 228 -Comment "NGen Worker Process" , 20231031164048.095745+000 , C:\Windows\Microsoft.NET\Framework\v4.0.30319\mscorsvw.exe,4400 , 5644 , ('NT AUTHORITY', 0, 'SYSTEM') , N/A
C:\Windows\Microsoft.NET\Framework\v4.0.30319\mscorsvw.exe -StartupEvent 368 -InterruptEvent 0 -NGENProcess 324 -Pipe 36c -Comment "NGen Worker Process" , 20231031164049.112617+000 , C:\Windows\Microsoft.NET\Framework\v4.0.30319\mscorsvw.exe,4400 , 3580 , ('NT AUTHORITY', 0, 'SYSTEM') , N/A
cscript.exe C:\Users\BULFU\Desktop\blackhat\temp\bhservice_task.vbs , 20231031164049.876909+000 , C:\Windows\system32\cscript.exe,3860 , 2516 , ('NT AUTHORITY', 0, 'SYSTEM') , N/A
"C:\Windows\system32\SearchFilterHost.exe" 0 796 800 808 8192 804 780  , 20231031164050.299342+000 , C:\Windows\system32\SearchFilterHost.exe,988 , 5736 , ('NT AUTHORITY', 0, 'SYSTEM') , SeChangeNotifyPrivilege|
C:\Windows\Microsoft.NET\Framework\v4.0.30319\mscorsvw.exe -StartupEvent 354 -InterruptEvent 0 -NGENProcess 324 -Pipe 334 -Comment "NGen Worker Process" , 20231031164051.832421+000 , C:\Windows\Microsoft.NET\Framework\v4.0.30319\mscorsvw.exe,4400 , 2724 , ('NT AUTHORITY', 0, 'SYSTEM') , N/A
C:\Windows\Microsoft.NET\Framework\v4.0.30319\mscorsvw.exe -StartupEvent 384 -InterruptEvent 0 -NGENProcess 354 -Pipe 2b4 -Comment "NGen Worker Process" , 20231031164053.394951+000 , None,4400 , 1436 , ('NT AUTHORITY', 0, 'SYSTEM') , N/A
C:\Windows\Microsoft.NET\Framework\v4.0.30319\mscorsvw.exe -StartupEvent 380 -InterruptEvent 0 -NGENProcess 2b4 -Pipe 2dc -Comment "NGen Worker Process" , 20231031164053.087545+000 , C:\Windows\Microsoft.NET\Framework\v4.0.30319\mscorsvw.exe,4400 , 5512 , ('NT AUTHORITY', 0, 'SYSTEM') , N/A
C:\Windows\Microsoft.NET\Framework\v4.0.30319\mscorsvw.exe -StartupEvent 388 -InterruptEvent 0 -NGENProcess 324 -Pipe 38c -Comment "NGen Worker Process" , 20231031164054.439699+000 , None,4400 , 3136 , ('NT AUTHORITY', 0, 'SYSTEM') , N/A
C:\Windows\Microsoft.NET\Framework\v4.0.30319\mscorsvw.exe -StartupEvent 388 -InterruptEvent 0 -NGENProcess 380 -Pipe 354 -Comment "NGen Worker Process" , 20231031164053.722074+000 , C:\Windows\Microsoft.NET\Framework\v4.0.30319\mscorsvw.exe,4400 , 3772 , ('NT AUTHORITY', 0, 'SYSTEM') , N/A
C:\Windows\Microsoft.NET\Framework\v4.0.30319\mscorsvw.exe -StartupEvent 390 -InterruptEvent 0 -NGENProcess 368 -Pipe 324 -Comment "NGen Worker Process" , 20231031164055.263838+000 , C:\Windows\Microsoft.NET\Framework\v4.0.30319\mscorsvw.exe,4400 , 1416 , ('NT AUTHORITY', 0, 'SYSTEM') , N/A
C:\Windows\Microsoft.NET\Framework\v4.0.30319\mscorsvw.exe -StartupEvent 398 -InterruptEvent 0 -NGENProcess 370 -Pipe 378 -Comment "NGen Worker Process" , 20231031164056.369129+000 , C:\Windows\Microsoft.NET\Framework\v4.0.30319\mscorsvw.exe,4400 , 916 , ('NT AUTHORITY', 0, 'SYSTEM') , N/A
C:\Windows\Microsoft.NET\Framework\v4.0.30319\mscorsvw.exe -StartupEvent 398 -InterruptEvent 0 -NGENProcess 380 -Pipe 39c -Comment "NGen Worker Process" , 20231031164056.662902+000 , C:\Windows\Microsoft.NET\Framework\v4.0.30319\mscorsvw.exe,4400 , 5424 , ('NT AUTHORITY', 0, 'SYSTEM') , N/A
C:\Windows\Microsoft.NET\Framework\v4.0.30319\mscorsvw.exe -StartupEvent 3a0 -InterruptEvent 0 -NGENProcess 344 -Pipe 380 -Comment "NGen Worker Process" , 20231031164059.344855+000 , C:\Windows\Microsoft.NET\Framework\v4.0.30319\mscorsvw.exe,4400 , 2608 , ('NT AUTHORITY', 0, 'SYSTEM') , N/A
C:\Windows\Microsoft.NET\Framework\v4.0.30319\mscorsvw.exe -StartupEvent 3a8 -InterruptEvent 0 -NGENProcess 388 -Pipe 368 -Comment "NGen Worker Process" , 20231031164101.883647+000 , C:\Windows\Microsoft.NET\Framework\v4.0.30319\mscorsvw.exe,4400 , 4576 , ('NT AUTHORITY', 0, 'SYSTEM') , N/A
C:\Windows\Microsoft.NET\Framework\v4.0.30319\mscorsvw.exe -StartupEvent 3bc -InterruptEvent 0 -NGENProcess 3b4 -Pipe 3b0 -Comment "NGen Worker Process" , 20231031164105.323965+000 , C:\Windows\Microsoft.NET\Framework\v4.0.30319\mscorsvw.exe,4400 , 3232 , ('NT AUTHORITY', 0, 'SYSTEM') , N/A
C:\Windows\Microsoft.NET\Framework\v4.0.30319\mscorsvw.exe -StartupEvent 3bc -InterruptEvent 0 -NGENProcess 344 -Pipe 3c0 -Comment "NGen Worker Process" , 20231031164107.383219+000 , C:\Windows\Microsoft.NET\Framework\v4.0.30319\mscorsvw.exe,4400 , 3560 , ('NT AUTHORITY', 0, 'SYSTEM') , N/A
C:\Windows\Microsoft.NET\Framework\v4.0.30319\mscorsvw.exe -StartupEvent 3a0 -InterruptEvent 0 -NGENProcess 384 -Pipe 3bc -Comment "NGen Worker Process" , 20231031164111.095100+000 , C:\Windows\Microsoft.NET\Framework\v4.0.30319\mscorsvw.exe,4400 , 3800 , ('NT AUTHORITY', 0, 'SYSTEM') , N/A
C:\Windows\Microsoft.NET\Framework\v4.0.30319\mscorsvw.exe -StartupEvent 3a0 -InterruptEvent 0 -NGENProcess 344 -Pipe 3c8 -Comment "NGen Worker Process" , 20231031164114.440192+000 , C:\Windows\Microsoft.NET\Framework\v4.0.30319\mscorsvw.exe,4400 , 2092 , ('NT AUTHORITY', 0, 'SYSTEM') , N/A
C:\Windows\Microsoft.NET\Framework\v4.0.30319\mscorsvw.exe -StartupEvent 3cc -InterruptEvent 0 -NGENProcess 3c4 -Pipe 344 -Comment "NGen Worker Process" , 20231031164114.993682+000 , C:\Windows\Microsoft.NET\Framework\v4.0.30319\mscorsvw.exe,4400 , 1660 , ('NT AUTHORITY', 0, 'SYSTEM') , N/A
C:\Windows\Microsoft.NET\Framework\v4.0.30319\mscorsvw.exe -StartupEvent 3d8 -InterruptEvent 0 -NGENProcess 3cc -Pipe 3b8 -Comment "NGen Worker Process" , 20231031164116.793216+000 , C:\Windows\Microsoft.NET\Framework\v4.0.30319\mscorsvw.exe,4400 , 5528 , ('NT AUTHORITY', 0, 'SYSTEM') , N/A
C:\Windows\Microsoft.NET\Framework\v4.0.30319\mscorsvw.exe -StartupEvent 3d8 -InterruptEvent 0 -NGENProcess 390 -Pipe 3dc -Comment "NGen Worker Process" , 20231031164117.087592+000 , C:\Windows\Microsoft.NET\Framework\v4.0.30319\mscorsvw.exe,4400 , 2192 , ('NT AUTHORITY', 0, 'SYSTEM') , N/A
C:\Windows\Microsoft.NET\Framework\v4.0.30319\mscorsvw.exe -StartupEvent 3e0 -InterruptEvent 0 -NGENProcess 384 -Pipe 390 -Comment "NGen Worker Process" , 20231031164118.217606+000 , C:\Windows\Microsoft.NET\Framework\v4.0.30319\mscorsvw.exe,4400 , 3572 , ('NT AUTHORITY', 0, 'SYSTEM') , N/A
C:\Windows\Microsoft.NET\Framework\v4.0.30319\mscorsvw.exe -StartupEvent 3e8 -InterruptEvent 0 -NGENProcess 388 -Pipe 3cc -Comment "NGen Worker Process" , 20231031164125.939295+000 , C:\Windows\Microsoft.NET\Framework\v4.0.30319\mscorsvw.exe,4400 , 3656 , ('NT AUTHORITY', 0, 'SYSTEM') , N/A
C:\Windows\Microsoft.NET\Framework\v4.0.30319\mscorsvw.exe -StartupEvent 3e8 -InterruptEvent 0 -NGENProcess 3d4 -Pipe 3ec -Comment "NGen Worker Process" , 20231031164126.929323+000 , C:\Windows\Microsoft.NET\Framework\v4.0.30319\mscorsvw.exe,4400 , 996 , ('NT AUTHORITY', 0, 'SYSTEM') , N/A
C:\Windows\Microsoft.NET\Framework\v4.0.30319\mscorsvw.exe -StartupEvent 3f0 -InterruptEvent 0 -NGENProcess 3a0 -Pipe 3d4 -Comment "NGen Worker Process" , 20231031164127.212208+000 , C:\Windows\Microsoft.NET\Framework\v4.0.30319\mscorsvw.exe,4400 , 4888 , ('NT AUTHORITY', 0, 'SYSTEM') , N/A
C:\Windows\Microsoft.NET\Framework\v4.0.30319\mscorsvw.exe -StartupEvent 3f0 -InterruptEvent 0 -NGENProcess 384 -Pipe 3f4 -Comment "NGen Worker Process" , 20231031164129.040926+000 , None,4400 , 332 , ('NT AUTHORITY', 0, 'SYSTEM') , N/A
C:\Windows\Microsoft.NET\Framework\v4.0.30319\mscorsvw.exe -StartupEvent 3f8 -InterruptEvent 0 -NGENProcess 3d8 -Pipe 384 -Comment "NGen Worker Process" , 20231031164129.716812+000 , C:\Windows\Microsoft.NET\Framework\v4.0.30319\mscorsvw.exe,4400 , 3100 , ('NT AUTHORITY', 0, 'SYSTEM') , N/A
C:\Windows\Microsoft.NET\Framework\v4.0.30319\mscorsvw.exe -StartupEvent 404 -InterruptEvent 0 -NGENProcess 3c4 -Pipe 388 -Comment "NGen Worker Process" , 20231031164132.666738+000 , C:\Windows\Microsoft.NET\Framework\v4.0.30319\mscorsvw.exe,4400 , 3452 , ('NT AUTHORITY', 0, 'SYSTEM') , N/A
C:\Windows\Microsoft.NET\Framework\v4.0.30319\mscorsvw.exe -StartupEvent 404 -InterruptEvent 0 -NGENProcess 3a0 -Pipe 408 -Comment "NGen Worker Process" , 20231031164133.647170+000 , C:\Windows\Microsoft.NET\Framework\v4.0.30319\mscorsvw.exe,4400 , 4700 , ('NT AUTHORITY', 0, 'SYSTEM') , N/A
C:\Windows\Microsoft.NET\Framework\v4.0.30319\mscorsvw.exe -StartupEvent 40c -InterruptEvent 0 -NGENProcess 3e0 -Pipe 3a0 -Comment "NGen Worker Process" , 20231031164134.077855+000 , None,4400 , 5236 , ('NT AUTHORITY', 0, 'SYSTEM') , N/A
C:\Windows\Microsoft.NET\Framework\v4.0.30319\mscorsvw.exe -StartupEvent 418 -InterruptEvent 0 -NGENProcess 3f8 -Pipe 41c -Comment "NGen Worker Process" , 20231031164134.989647+000 , C:\Windows\Microsoft.NET\Framework\v4.0.30319\mscorsvw.exe,4400 , 2736 , ('NT AUTHORITY', 0, 'SYSTEM') , N/A
C:\Windows\Microsoft.NET\Framework\v4.0.30319\mscorsvw.exe -StartupEvent 420 -InterruptEvent 0 -NGENProcess 3c4 -Pipe 3f8 -Comment "NGen Worker Process" , 20231031164135.125641+000 , None,4400 , 3832 , ('NT AUTHORITY', 0, 'SYSTEM') , N/A
C:\Windows\Microsoft.NET\Framework\v4.0.30319\mscorsvw.exe -StartupEvent 42c -InterruptEvent 0 -NGENProcess 424 -Pipe 420 -Comment "NGen Worker Process" , 20231031164135.765297+000 , C:\Windows\Microsoft.NET\Framework\v4.0.30319\mscorsvw.exe,4400 , 5208 , ('NT AUTHORITY', 0, 'SYSTEM') , N/A
C:\Windows\Microsoft.NET\Framework\v4.0.30319\mscorsvw.exe -StartupEvent 434 -InterruptEvent 0 -NGENProcess 42c -Pipe 428 -Comment "NGen Worker Process" , 20231031164136.825026+000 , C:\Windows\Microsoft.NET\Framework\v4.0.30319\mscorsvw.exe,4400 , 4600 , ('NT AUTHORITY', 0, 'SYSTEM') , N/A
C:\Windows\Microsoft.NET\Framework\v4.0.30319\mscorsvw.exe -StartupEvent 434 -InterruptEvent 0 -NGENProcess 404 -Pipe 438 -Comment "NGen Worker Process" , 20231031164138.150488+000 , C:\Windows\Microsoft.NET\Framework\v4.0.30319\mscorsvw.exe,4400 , 3440 , ('NT AUTHORITY', 0, 'SYSTEM') , N/A
C:\Windows\Microsoft.NET\Framework\v4.0.30319\mscorsvw.exe -StartupEvent 448 -InterruptEvent 0 -NGENProcess 43c -Pipe 40c -Comment "NGen Worker Process" , 20231031164139.104884+000 , C:\Windows\Microsoft.NET\Framework\v4.0.30319\mscorsvw.exe,4400 , 5092 , ('NT AUTHORITY', 0, 'SYSTEM') , N/A
C:\Windows\Microsoft.NET\Framework\v4.0.30319\mscorsvw.exe -StartupEvent 44c -InterruptEvent 0 -NGENProcess 444 -Pipe 43c -Comment "NGen Worker Process" , 20231031164139.421097+000 , C:\Windows\Microsoft.NET\Framework\v4.0.30319\mscorsvw.exe,4400 , 3544 , ('NT AUTHORITY', 0, 'SYSTEM') , N/A
C:\Windows\Microsoft.NET\Framework\v4.0.30319\mscorsvw.exe -StartupEvent 460 -InterruptEvent 0 -NGENProcess 458 -Pipe 454 -Comment "NGen Worker Process" , 20231031164143.156679+000 , C:\Windows\Microsoft.NET\Framework\v4.0.30319\mscorsvw.exe,4400 , 4504 , ('NT AUTHORITY', 0, 'SYSTEM') , N/A
C:\Windows\Microsoft.NET\Framework\v4.0.30319\mscorsvw.exe -StartupEvent 46c -InterruptEvent 0 -NGENProcess 464 -Pipe 460 -Comment "NGen Worker Process" , 20231031164144.180555+000 , C:\Windows\Microsoft.NET\Framework\v4.0.30319\mscorsvw.exe,4400 , 3376 , ('NT AUTHORITY', 0, 'SYSTEM') , N/A
cscript.exe C:\Users\BULFU\Desktop\blackhat\temp\bhservice_task.vbs , 20231031164151.015757+000 , C:\Windows\system32\cscript.exe,3860 , 1036 , ('NT AUTHORITY', 0, 'SYSTEM') , N/A
C:\Windows\Microsoft.NET\Framework\v4.0.30319\mscorsvw.exe -StartupEvent 47c -InterruptEvent 0 -NGENProcess 474 -Pipe 46c -Comment "NGen Worker Process" , 20231031164151.399266+000 , None,4400 , 3456 , ('NT AUTHORITY', 0, 'SYSTEM') , N/A
"/C/Program Files/Sublime Text/sublime_text.exe" --crawl 5612crawl235s0 5612crawl235r0 5612 "/C/Users/BULFU/AppData/Roaming/Sublime Text" "/C/Users/BULFU/AppData/Local/Sublime Text" "/C/Program Files/Sublime Text/Packages" , 20231031164152.125843+000 , C:\Program Files\Sublime Text\sublime_text.exe,5612 , 3976 , ('DESKTOP-CQ9GT7R', 0, 'BULFU') , SeChangeNotifyPrivilege|
C:\Windows\Microsoft.NET\Framework\v4.0.30319\mscorsvw.exe -StartupEvent 484 -InterruptEvent 0 -NGENProcess 47c -Pipe 478 -Comment "NGen Worker Process" , 20231031164152.091171+000 , C:\Windows\Microsoft.NET\Framework\v4.0.30319\mscorsvw.exe,4400 , 5952 , ('NT AUTHORITY', 0, 'SYSTEM') , N/A
C:\Windows\Microsoft.NET\Framework\v4.0.30319\mscorsvw.exe -StartupEvent 498 -InterruptEvent 0 -NGENProcess 490 -Pipe 48c -Comment "NGen Worker Process" , 20231031164153.347947+000 , C:\Windows\Microsoft.NET\Framework\v4.0.30319\mscorsvw.exe,4400 , 2628 , ('NT AUTHORITY', 0, 'SYSTEM') , N/A
C:\Windows\Microsoft.NET\Framework\v4.0.30319\mscorsvw.exe -StartupEvent 4a4 -InterruptEvent 0 -NGENProcess 49c -Pipe 498 -Comment "NGen Worker Process" , 20231031164154.013982+000 , C:\Windows\Microsoft.NET\Framework\v4.0.30319\mscorsvw.exe,4400 , 3564 , ('NT AUTHORITY', 0, 'SYSTEM') , N/A
C:\Windows\Microsoft.NET\Framework\v4.0.30319\mscorsvw.exe -StartupEvent 4a4 -InterruptEvent 0 -NGENProcess 464 -Pipe 4a8 -Comment "NGen Worker Process" , 20231031164155.280101+000 , C:\Windows\Microsoft.NET\Framework\v4.0.30319\mscorsvw.exe,4400 , 3800 , ('NT AUTHORITY', 0, 'SYSTEM') , N/A
C:\Windows\Microsoft.NET\Framework\v4.0.30319\mscorsvw.exe -StartupEvent 4ac -InterruptEvent 0 -NGENProcess 434 -Pipe 464 -Comment "NGen Worker Process" , 20231031164156.794609+000 , C:\Windows\Microsoft.NET\Framework\v4.0.30319\mscorsvw.exe,4400 , 2092 , ('NT AUTHORITY', 0, 'SYSTEM') , N/A
C:\Windows\Microsoft.NET\Framework\v4.0.30319\mscorsvw.exe -StartupEvent 4ac -InterruptEvent 0 -NGENProcess 448 -Pipe 4b0 -Comment "NGen Worker Process" , 20231031164158.512838+000 , C:\Windows\Microsoft.NET\Framework\v4.0.30319\mscorsvw.exe,4400 , 3056 , ('NT AUTHORITY', 0, 'SYSTEM') , N/A
C:\Windows\Microsoft.NET\Framework\v4.0.30319\mscorsvw.exe -StartupEvent 4b4 -InterruptEvent 0 -NGENProcess 49c -Pipe 4b8 -Comment "NGen Worker Process" , 20231031164159.475765+000 , None,4400 , 4332 , ('NT AUTHORITY', 0, 'SYSTEM') , N/A
C:\Windows\Microsoft.NET\Framework\v4.0.30319\mscorsvw.exe -StartupEvent 4c0 -InterruptEvent 0 -NGENProcess 468 -Pipe 4c4 -Comment "NGen Worker Process" , 20231031164200.340296+000 , C:\Windows\Microsoft.NET\Framework\v4.0.30319\mscorsvw.exe,4400 , 3416 , ('NT AUTHORITY', 0, 'SYSTEM') , N/A
C:\Windows\Microsoft.NET\Framework\v4.0.30319\mscorsvw.exe -StartupEvent 4e0 -InterruptEvent 0 -NGENProcess 4d8 -Pipe 4d4 -Comment "NGen Worker Process" , 20231031164202.597176+000 , C:\Windows\Microsoft.NET\Framework\v4.0.30319\mscorsvw.exe,4400 , 4772 , ('NT AUTHORITY', 0, 'SYSTEM') , N/A
C:\Windows\Microsoft.NET\Framework\v4.0.30319\mscorsvw.exe -StartupEvent 4ec -InterruptEvent 0 -NGENProcess 4e4 -Pipe 4e0 -Comment "NGen Worker Process" , 20231031164203.149408+000 , C:\Windows\Microsoft.NET\Framework\v4.0.30319\mscorsvw.exe,4400 , 4056 , ('NT AUTHORITY', 0, 'SYSTEM') , N/A
C:\Windows\Microsoft.NET\Framework\v4.0.30319\mscorsvw.exe -StartupEvent 4f4 -InterruptEvent 0 -NGENProcess 444 -Pipe 4c8 -Comment "NGen Worker Process" , 20231031164204.327763+000 , C:\Windows\Microsoft.NET\Framework\v4.0.30319\mscorsvw.exe,4400 , 872 , ('NT AUTHORITY', 0, 'SYSTEM') , N/A
C:\Windows\Microsoft.NET\Framework\v4.0.30319\mscorsvw.exe -StartupEvent 504 -InterruptEvent 0 -NGENProcess 4fc -Pipe 4f4 -Comment "NGen Worker Process" , 20231031164205.652139+000 , C:\Windows\Microsoft.NET\Framework\v4.0.30319\mscorsvw.exe,4400 , 2912 , ('NT AUTHORITY', 0, 'SYSTEM') , N/A
C:\Windows\Microsoft.NET\Framework\v4.0.30319\mscorsvw.exe -StartupEvent 51c -InterruptEvent 0 -NGENProcess 514 -Pipe 510 -Comment "NGen Worker Process" , 20231031164206.658553+000 , C:\Windows\Microsoft.NET\Framework\v4.0.30319\mscorsvw.exe,4400 , 2704 , ('NT AUTHORITY', 0, 'SYSTEM') , N/A
C:\Windows\Microsoft.NET\Framework\v4.0.30319\mscorsvw.exe -StartupEvent 528 -InterruptEvent 0 -NGENProcess 520 -Pipe 51c -Comment "NGen Worker Process" , 20231031164207.388125+000 , C:\Windows\Microsoft.NET\Framework\v4.0.30319\mscorsvw.exe,4400 , 5132 , ('NT AUTHORITY', 0, 'SYSTEM') , N/A
C:\Windows\Microsoft.NET\Framework\v4.0.30319\mscorsvw.exe -StartupEvent 530 -InterruptEvent 0 -NGENProcess 528 -Pipe 524 -Comment "NGen Worker Process" , 20231031164208.363171+000 , C:\Windows\Microsoft.NET\Framework\v4.0.30319\mscorsvw.exe,4400 , 5460 , ('NT AUTHORITY', 0, 'SYSTEM') , N/A
C:\Windows\Microsoft.NET\Framework\v4.0.30319\mscorsvw.exe -StartupEvent 53c -InterruptEvent 0 -NGENProcess 534 -Pipe 530 -Comment "NGen Worker Process" , 20231031164210.787367+000 , C:\Windows\Microsoft.NET\Framework\v4.0.30319\mscorsvw.exe,4400 , 5092 , ('NT AUTHORITY', 0, 'SYSTEM') , N/A
C:\Windows\Microsoft.NET\Framework\v4.0.30319\mscorsvw.exe -StartupEvent 548 -InterruptEvent 0 -NGENProcess 4e8 -Pipe 444 -Comment "NGen Worker Process" , 20231031164211.650290+000 , C:\Windows\Microsoft.NET\Framework\v4.0.30319\mscorsvw.exe,4400 , 5880 , ('NT AUTHORITY', 0, 'SYSTEM') , N/A
C:\Windows\Microsoft.NET\Framework\v4.0.30319\mscorsvw.exe -StartupEvent 54c -InterruptEvent 0 -NGENProcess 4e4 -Pipe 550 -Comment "NGen Worker Process" , 20231031164212.532540+000 , C:\Windows\Microsoft.NET\Framework\v4.0.30319\mscorsvw.exe,4400 , 3972 , ('NT AUTHORITY', 0, 'SYSTEM') , N/A
C:\Windows\Microsoft.NET\Framework\v4.0.30319\mscorsvw.exe -StartupEvent 55c -InterruptEvent 0 -NGENProcess 4ec -Pipe 53c -Comment "NGen Worker Process" , 20231031164213.852512+000 , C:\Windows\Microsoft.NET\Framework\v4.0.30319\mscorsvw.exe,4400 , 1668 , ('NT AUTHORITY', 0, 'SYSTEM') , N/A
C:\Windows\Microsoft.NET\Framework\v4.0.30319\mscorsvw.exe -StartupEvent 55c -InterruptEvent 0 -NGENProcess 540 -Pipe 560 -Comment "NGen Worker Process" , 20231031164214.568819+000 , C:\Windows\Microsoft.NET\Framework\v4.0.30319\mscorsvw.exe,4400 , 3836 , ('NT AUTHORITY', 0, 'SYSTEM') , N/A
C:\Windows\Microsoft.NET\Framework\v4.0.30319\mscorsvw.exe -StartupEvent 56c -InterruptEvent 0 -NGENProcess 54c -Pipe 434 -Comment "NGen Worker Process" , 20231031164216.072065+000 , None,4400 , 5424 , ('NT AUTHORITY', 0, 'SYSTEM') , N/A
C:\Windows\Microsoft.NET\Framework\v4.0.30319\mscorsvw.exe -StartupEvent 564 -InterruptEvent 0 -NGENProcess 434 -Pipe 568 -Comment "NGen Worker Process" , 20231031164215.854907+000 , C:\Windows\Microsoft.NET\Framework\v4.0.30319\mscorsvw.exe,4400 , 5864 , ('NT AUTHORITY', 0, 'SYSTEM') , N/A
C:\Windows\Microsoft.NET\Framework\v4.0.30319\mscorsvw.exe -StartupEvent 574 -InterruptEvent 0 -NGENProcess 548 -Pipe 4ec -Comment "NGen Worker Process" , 20231031164216.763964+000 , C:\Windows\Microsoft.NET\Framework\v4.0.30319\mscorsvw.exe,4400 , 5236 , ('NT AUTHORITY', 0, 'SYSTEM') , N/A
C:\Windows\Microsoft.NET\Framework\v4.0.30319\mscorsvw.exe -StartupEvent 57c -InterruptEvent 0 -NGENProcess 55c -Pipe 4ac -Comment "NGen Worker Process" , 20231031164218.051895+000 , C:\Windows\Microsoft.NET\Framework\v4.0.30319\mscorsvw.exe,4400 , 2816 , ('NT AUTHORITY', 0, 'SYSTEM') , N/A
C:\Windows\Microsoft.NET\Framework\v4.0.30319\mscorsvw.exe -StartupEvent 58c -InterruptEvent 0 -NGENProcess 55c -Pipe 548 -Comment "NGen Worker Process" , 20231031164220.079171+000 , C:\Windows\Microsoft.NET\Framework\v4.0.30319\mscorsvw.exe,4400 , 4252 , ('NT AUTHORITY', 0, 'SYSTEM') , N/A
C:\Windows\Microsoft.NET\Framework\v4.0.30319\mscorsvw.exe -StartupEvent 58c -InterruptEvent 0 -NGENProcess 57c -Pipe 590 -Comment "NGen Worker Process" , 20231031164221.144863+000 , C:\Windows\Microsoft.NET\Framework\v4.0.30319\mscorsvw.exe,4400 , 2956 , ('NT AUTHORITY', 0, 'SYSTEM') , N/A
C:\Windows\Microsoft.NET\Framework\v4.0.30319\mscorsvw.exe -StartupEvent 59c -InterruptEvent 0 -NGENProcess 574 -Pipe 584 -Comment "NGen Worker Process" , 20231031164222.124241+000 , C:\Windows\Microsoft.NET\Framework\v4.0.30319\mscorsvw.exe,4400 , 6032 , ('NT AUTHORITY', 0, 'SYSTEM') , N/A
C:\Windows\Microsoft.NET\Framework\v4.0.30319\mscorsvw.exe -StartupEvent 5a4 -InterruptEvent 0 -NGENProcess 564 -Pipe 5a8 -Comment "NGen Worker Process" , 20231031164223.948739+000 , C:\Windows\Microsoft.NET\Framework\v4.0.30319\mscorsvw.exe,4400 , 2904 , ('NT AUTHORITY', 0, 'SYSTEM') , N/A
C:\Windows\Microsoft.NET\Framework\v4.0.30319\mscorsvw.exe -StartupEvent 564 -InterruptEvent 0 -NGENProcess 59c -Pipe 5a4 -Comment "NGen Worker Process" , 20231031164224.801093+000 , C:\Windows\Microsoft.NET\Framework\v4.0.30319\mscorsvw.exe,4400 , 196 , ('NT AUTHORITY', 0, 'SYSTEM') , N/A
C:\Windows\Microsoft.NET\Framework\v4.0.30319\mscorsvw.exe -StartupEvent 5b0 -InterruptEvent 0 -NGENProcess 574 -Pipe 5ac -Comment "NGen Worker Process" , 20231031164226.251491+000 , C:\Windows\Microsoft.NET\Framework\v4.0.30319\mscorsvw.exe,4400 , 4004 , ('NT AUTHORITY', 0, 'SYSTEM') , N/A
C:\Windows\Microsoft.NET\Framework\v4.0.30319\mscorsvw.exe -StartupEvent 5c0 -InterruptEvent 0 -NGENProcess 574 -Pipe 5c4 -Comment "NGen Worker Process" , 20231031164228.193202+000 , C:\Windows\Microsoft.NET\Framework\v4.0.30319\mscorsvw.exe,4400 , 1716 , ('NT AUTHORITY', 0, 'SYSTEM') , N/A
C:\Windows\Microsoft.NET\Framework\v4.0.30319\mscorsvw.exe -StartupEvent 5c8 -InterruptEvent 0 -NGENProcess 580 -Pipe 574 -Comment "NGen Worker Process" , 20231031164228.317567+000 , None,4400 , 6092 , ('NT AUTHORITY', 0, 'SYSTEM') , N/A
C:\Windows\Microsoft.NET\Framework\v4.0.30319\mscorsvw.exe -StartupEvent 5e0 -InterruptEvent 0 -NGENProcess 580 -Pipe 5e4 -Comment "NGen Worker Process" , 20231031164229.359128+000 , None,4400 , 3060 , ('NT AUTHORITY', 0, 'SYSTEM') , N/A
C:\Windows\Microsoft.NET\Framework\v4.0.30319\mscorsvw.exe -StartupEvent 5f0 -InterruptEvent 0 -NGENProcess 588 -Pipe 5f4 -Comment "NGen Worker Process" , 20231031164230.243320+000 , C:\Windows\Microsoft.NET\Framework\v4.0.30319\mscorsvw.exe,4400 , 1440 , ('NT AUTHORITY', 0, 'SYSTEM') , N/A
C:\Windows\Microsoft.NET\Framework\v4.0.30319\mscorsvw.exe -StartupEvent 5f8 -InterruptEvent 0 -NGENProcess 5c0 -Pipe 588 -Comment "NGen Worker Process" , 20231031164230.355953+000 , None,4400 , 5024 , ('NT AUTHORITY', 0, 'SYSTEM') , N/A
C:\Windows\Microsoft.NET\Framework\v4.0.30319\mscorsvw.exe -StartupEvent 608 -InterruptEvent 0 -NGENProcess 5e8 -Pipe 5d0 -Comment "NGen Worker Process" , 20231031164231.327847+000 , C:\Windows\Microsoft.NET\Framework\v4.0.30319\mscorsvw.exe,4400 , 5836 , ('NT AUTHORITY', 0, 'SYSTEM') , N/A
C:\Windows\Microsoft.NET\Framework\v4.0.30319\mscorsvw.exe -StartupEvent 610 -InterruptEvent 0 -NGENProcess 5e8 -Pipe 5c0 -Comment "NGen Worker Process" , 20231031164231.666787+000 , C:\Windows\Microsoft.NET\Framework\v4.0.30319\mscorsvw.exe,4400 , 3928 , ('NT AUTHORITY', 0, 'SYSTEM') , N/A
C:\Windows\Microsoft.NET\Framework\v4.0.30319\mscorsvw.exe -StartupEvent 620 -InterruptEvent 0 -NGENProcess 5e8 -Pipe 624 -Comment "NGen Worker Process" , 20231031164233.350296+000 , C:\Windows\Microsoft.NET\Framework\v4.0.30319\mscorsvw.exe,4400 , 5232 , ('NT AUTHORITY', 0, 'SYSTEM') , N/A
C:\Windows\Microsoft.NET\Framework\v4.0.30319\mscorsvw.exe -StartupEvent 634 -InterruptEvent 0 -NGENProcess 630 -Pipe 600 -Comment "NGen Worker Process" , 20231031164234.351789+000 , C:\Windows\Microsoft.NET\Framework\v4.0.30319\mscorsvw.exe,4400 , 4080 , ('NT AUTHORITY', 0, 'SYSTEM') , N/A
C:\Windows\Microsoft.NET\Framework\v4.0.30319\mscorsvw.exe -StartupEvent 654 -InterruptEvent 0 -NGENProcess 650 -Pipe 620 -Comment "NGen Worker Process" , 20231031164235.374672+000 , C:\Windows\Microsoft.NET\Framework\v4.0.30319\mscorsvw.exe,4400 , 5160 , ('NT AUTHORITY', 0, 'SYSTEM') , N/A
C:\Windows\Microsoft.NET\Framework\v4.0.30319\mscorsvw.exe -StartupEvent 674 -InterruptEvent 0 -NGENProcess 65c -Pipe 64c -Comment "NGen Worker Process" , 20231031164236.458415+000 , None,4400 , 5648 , ('NT AUTHORITY', 0, 'SYSTEM') , N/A
C:\Windows\Microsoft.NET\Framework\v4.0.30319\mscorsvw.exe -StartupEvent 65c -InterruptEvent 0 -NGENProcess 66c -Pipe 668 -Comment "NGen Worker Process" , 20231031164236.352916+000 , C:\Windows\Microsoft.NET\Framework\v4.0.30319\mscorsvw.exe,4400 , 992 , ('NT AUTHORITY', 0, 'SYSTEM') , N/A
C:\Windows\Microsoft.NET\Framework\v4.0.30319\mscorsvw.exe -StartupEvent 690 -InterruptEvent 0 -NGENProcess 68c -Pipe 684 -Comment "NGen Worker Process" , 20231031164237.419623+000 , C:\Windows\Microsoft.NET\Framework\v4.0.30319\mscorsvw.exe,4400 , 5952 , ('NT AUTHORITY', 0, 'SYSTEM') , N/A
C:\Windows\Microsoft.NET\Framework\v4.0.30319\mscorsvw.exe -StartupEvent 694 -InterruptEvent 0 -NGENProcess 6a4 -Pipe 6a0 -Comment "NGen Worker Process" , 20231031164238.461919+000 , C:\Windows\Microsoft.NET\Framework\v4.0.30319\mscorsvw.exe,4400 , 2628 , ('NT AUTHORITY', 0, 'SYSTEM') , N/A
C:\Windows\Microsoft.NET\Framework\v4.0.30319\mscorsvw.exe -StartupEvent 6cc -InterruptEvent 0 -NGENProcess 6c8 -Pipe 6b8 -Comment "NGen Worker Process" , 20231031164239.557960+000 , None,4400 , 2076 , ('NT AUTHORITY', 0, 'SYSTEM') , N/A
C:\Windows\Microsoft.NET\Framework\v4.0.30319\mscorsvw.exe -StartupEvent 6c8 -InterruptEvent 0 -NGENProcess 6c4 -Pipe 6b4 -Comment "NGen Worker Process" , 20231031164239.439542+000 , C:\Windows\Microsoft.NET\Framework\v4.0.30319\mscorsvw.exe,4400 , 3696 , ('NT AUTHORITY', 0, 'SYSTEM') , N/A
C:\Windows\Microsoft.NET\Framework\v4.0.30319\mscorsvw.exe -StartupEvent 6e8 -InterruptEvent 0 -NGENProcess 6e4 -Pipe 6d4 -Comment "NGen Worker Process" , 20231031164240.478703+000 , C:\Windows\Microsoft.NET\Framework\v4.0.30319\mscorsvw.exe,4400 , 3876 , ('NT AUTHORITY', 0, 'SYSTEM') , N/A
C:\Windows\Microsoft.NET\Framework\v4.0.30319\mscorsvw.exe -StartupEvent 70c -InterruptEvent 0 -NGENProcess 708 -Pipe 6f8 -Comment "NGen Worker Process" , 20231031164241.504258+000 , C:\Windows\Microsoft.NET\Framework\v4.0.30319\mscorsvw.exe,4400 , 2344 , ('NT AUTHORITY', 0, 'SYSTEM') , N/A
C:\Windows\Microsoft.NET\Framework\v4.0.30319\mscorsvw.exe -StartupEvent 728 -InterruptEvent 0 -NGENProcess 724 -Pipe 69c -Comment "NGen Worker Process" , 20231031164242.512331+000 , C:\Windows\Microsoft.NET\Framework\v4.0.30319\mscorsvw.exe,4400 , 3952 , ('NT AUTHORITY', 0, 'SYSTEM') , N/A
C:\Windows\Microsoft.NET\Framework\v4.0.30319\mscorsvw.exe -StartupEvent 72c -InterruptEvent 0 -NGENProcess 728 -Pipe 714 -Comment "NGen Worker Process" , 20231031164242.604134+000 , None,4400 , 4372 , ('NT AUTHORITY', 0, 'SYSTEM') , N/A
C:\Windows\Microsoft.NET\Framework\v4.0.30319\mscorsvw.exe -StartupEvent 778 -InterruptEvent 0 -NGENProcess 774 -Pipe 764 -Comment "NGen Worker Process" , 20231031164244.570869+000 , C:\Windows\Microsoft.NET\Framework\v4.0.30319\mscorsvw.exe,4400 , 2076 , ('NT AUTHORITY', 0, 'SYSTEM') , N/A
C:\Windows\Microsoft.NET\Framework\v4.0.30319\mscorsvw.exe -StartupEvent 7a0 -InterruptEvent 0 -NGENProcess 79c -Pipe 78c -Comment "NGen Worker Process" , 20231031164245.555527+000 , C:\Windows\Microsoft.NET\Framework\v4.0.30319\mscorsvw.exe,4400 , 4304 , ('NT AUTHORITY', 0, 'SYSTEM') , N/A
C:\Windows\Microsoft.NET\Framework\v4.0.30319\mscorsvw.exe -StartupEvent 7a4 -InterruptEvent 0 -NGENProcess 7a0 -Pipe 790 -Comment "NGen Worker Process" , 20231031164245.643594+000 , None,4400 , 4404 , ('NT AUTHORITY', 0, 'SYSTEM') , N/A
C:\Windows\Microsoft.NET\Framework\v4.0.30319\mscorsvw.exe -StartupEvent 7c8 -InterruptEvent 0 -NGENProcess 7c4 -Pipe 7b4 -Comment "NGen Worker Process" , 20231031164246.626339+000 , C:\Windows\Microsoft.NET\Framework\v4.0.30319\mscorsvw.exe,4400 , 5648 , ('NT AUTHORITY', 0, 'SYSTEM') , N/A
C:\Windows\Microsoft.NET\Framework\v4.0.30319\mscorsvw.exe -StartupEvent 7f0 -InterruptEvent 0 -NGENProcess 7ec -Pipe 7dc -Comment "NGen Worker Process" , 20231031164247.624353+000 , C:\Windows\Microsoft.NET\Framework\v4.0.30319\mscorsvw.exe,4400 , 2900 , ('NT AUTHORITY', 0, 'SYSTEM') , N/A
C:\Windows\Microsoft.NET\Framework\v4.0.30319\mscorsvw.exe -StartupEvent 81c -InterruptEvent 0 -NGENProcess 818 -Pipe 808 -Comment "NGen Worker Process" , 20231031164248.583874+000 , C:\Windows\Microsoft.NET\Framework\v4.0.30319\mscorsvw.exe,4400 , 3624 , ('NT AUTHORITY', 0, 'SYSTEM') , N/A
C:\Windows\Microsoft.NET\Framework\v4.0.30319\mscorsvw.exe -StartupEvent 820 -InterruptEvent 0 -NGENProcess 81c -Pipe 80c -Comment "NGen Worker Process" , 20231031164248.672425+000 , None,4400 , 5624 , ('NT AUTHORITY', 0, 'SYSTEM') , N/A
cscript.exe C:\Users\BULFU\Desktop\blackhat\temp\bhservice_task.vbs , 20231031164252.165469+000 , C:\Windows\system32\cscript.exe,3860 , 3432 , ('NT AUTHORITY', 0, 'SYSTEM') , N/A
"/C/Program Files/Sublime Text/sublime_text.exe" --crawl 5612crawl286s0 5612crawl286r0 5612 "/C/Users/BULFU/AppData/Roaming/Sublime Text" "/C/Users/BULFU/AppData/Local/Sublime Text" "/C/Program Files/Sublime Text/Packages" , 20231031164253.265402+000 , C:\Program Files\Sublime Text\sublime_text.exe,5612 , 4364 , ('DESKTOP-CQ9GT7R', 0, 'BULFU') , SeChangeNotifyPrivilege|
"C:\Windows\system32\SearchFilterHost.exe" 0 796 800 808 8192 804 780  , 20231031164307.339602+000 , C:\Windows\system32\SearchFilterHost.exe,988 , 3968 , ('NT AUTHORITY', 0, 'SYSTEM') , SeChangeNotifyPrivilege|
cscript.exe C:\Users\BULFU\Desktop\blackhat\temp\bhservice_task.vbs , 20231031164353.321054+000 , C:\Windows\system32\cscript.exe,3860 , 2204 , ('NT AUTHORITY', 0, 'SYSTEM') , N/A
cscript.exe C:\Users\BULFU\Desktop\blackhat\temp\bhservice_task.vbs , 20231031164454.541856+000 , C:\Windows\system32\cscript.exe,3860 , 5936 , ('NT AUTHORITY', 0, 'SYSTEM') , N/A
cscript.exe C:\Users\BULFU\Desktop\blackhat\temp\bhservice_task.vbs , 20231031164555.704454+000 , C:\Windows\system32\cscript.exe,3860 , 5680 , ('NT AUTHORITY', 0, 'SYSTEM') , N/A
"C:\Windows\system32\SearchFilterHost.exe" 0 796 800 808 8192 804 780  , 20231031164556.757883+000 , C:\Windows\system32\SearchFilterHost.exe,988 , 4324 , ('NT AUTHORITY', 0, 'SYSTEM') , SeChangeNotifyPrivilege|
cscript.exe C:\Users\BULFU\Desktop\blackhat\temp\bhservice_task.vbs , 20231031164656.868262+000 , C:\Windows\system32\cscript.exe,3860 , 4876 , ('NT AUTHORITY', 0, 'SYSTEM') , N/A
cscript.exe C:\Users\BULFU\Desktop\blackhat\temp\bhservice_task.vbs , 20231031164758.039906+000 , C:\Windows\system32\cscript.exe,3860 , 3480 , ('NT AUTHORITY', 0, 'SYSTEM') , N/A
"C:\Windows\system32\SearchFilterHost.exe" 0 796 800 808 8192 804 780  , 20231031164759.109440+000 , C:\Windows\system32\SearchFilterHost.exe,988 , 3560 , ('NT AUTHORITY', 0, 'SYSTEM') , SeChangeNotifyPrivilege|
cscript.exe C:\Users\BULFU\Desktop\blackhat\temp\bhservice_task.vbs , 20231031164859.237128+000 , C:\Windows\system32\cscript.exe,3860 , 2948 , ('NT AUTHORITY', 0, 'SYSTEM') , N/A
cscript.exe C:\Users\BULFU\Desktop\blackhat\temp\bhservice_task.vbs , 20231031165000.398731+000 , C:\Windows\system32\cscript.exe,3860 , 848 , ('NT AUTHORITY', 0, 'SYSTEM') , N/A
"C:\Windows\system32\SearchFilterHost.exe" 0 796 800 808 8192 804 780  , 20231031165001.452812+000 , C:\Windows\system32\SearchFilterHost.exe,988 , 4472 , ('NT AUTHORITY', 0, 'SYSTEM') , SeChangeNotifyPrivilege|
cscript.exe C:\Users\BULFU\Desktop\blackhat\temp\bhservice_task.vbs , 20231031165101.589310+000 , C:\Windows\system32\cscript.exe,3860 , 3780 , ('NT AUTHORITY', 0, 'SYSTEM') , N/A
cscript.exe C:\Users\BULFU\Desktop\blackhat\temp\bhservice_task.vbs , 20231031165202.743262+000 , C:\Windows\system32\cscript.exe,3860 , 1668 , ('NT AUTHORITY', 0, 'SYSTEM') , N/A
"C:\Windows\system32\SearchFilterHost.exe" 0 796 800 808 8192 804 780  , 20231031165203.786623+000 , C:\Windows\system32\SearchFilterHost.exe,988 , 6044 , ('NT AUTHORITY', 0, 'SYSTEM') , SeChangeNotifyPrivilege|
cscript.exe C:\Users\BULFU\Desktop\blackhat\temp\bhservice_task.vbs , 20231031165303.961209+000 , C:\Windows\system32\cscript.exe,3860 , 5220 , ('NT AUTHORITY', 0, 'SYSTEM') , N/A
cscript.exe C:\Users\BULFU\Desktop\blackhat\temp\bhservice_task.vbs , 20231031165405.165946+000 , C:\Windows\system32\cscript.exe,3860 , 1396 , ('NT AUTHORITY', 0, 'SYSTEM') , N/A
"C:\Windows\system32\SearchFilterHost.exe" 0 796 800 808 8192 804 780  , 20231031165406.224281+000 , C:\Windows\system32\SearchFilterHost.exe,988 , 5508 , ('NT AUTHORITY', 0, 'SYSTEM') , SeChangeNotifyPrivilege|
C:\Windows\system32\AUDIODG.EXE 0x498 , 20231031165425.914781+000 , C:\Windows\system32\AUDIODG.EXE,1424 , 612 , ('NT AUTHORITY', 0, 'LOCAL SERVICE') , N/A
cscript.exe C:\Users\BULFU\Desktop\blackhat\temp\bhservice_task.vbs , 20231031165506.299936+000 , C:\Windows\system32\cscript.exe,3860 , 4684 , ('NT AUTHORITY', 0, 'SYSTEM') , N/A
cscript.exe C:\Users\BULFU\Desktop\blackhat\temp\bhservice_task.vbs , 20231031165607.433253+000 , C:\Windows\system32\cscript.exe,3860 , 5128 , ('NT AUTHORITY', 0, 'SYSTEM') , N/A
"C:\Windows\system32\SearchFilterHost.exe" 0 796 800 808 8192 804 780  , 20231031165608.501319+000 , C:\Windows\system32\SearchFilterHost.exe,988 , 5856 , ('NT AUTHORITY', 0, 'SYSTEM') , SeChangeNotifyPrivilege|
cscript.exe C:\Users\BULFU\Desktop\blackhat\temp\bhservice_task.vbs , 20231031165708.621398+000 , C:\Windows\system32\cscript.exe,3860 , 5760 , ('NT AUTHORITY', 0, 'SYSTEM') , N/A
cscript.exe C:\Users\BULFU\Desktop\blackhat\temp\bhservice_task.vbs , 20231031165809.839180+000 , C:\Windows\system32\cscript.exe,3860 , 5848 , ('NT AUTHORITY', 0, 'SYSTEM') , N/A
"C:\Windows\system32\SearchFilterHost.exe" 0 796 800 808 8192 804 780  , 20231031165810.878983+000 , C:\Windows\system32\SearchFilterHost.exe,988 , 5476 , ('NT AUTHORITY', 0, 'SYSTEM') , SeChangeNotifyPrivilege|
cscript.exe C:\Users\BULFU\Desktop\blackhat\temp\bhservice_task.vbs , 20231031165911.010639+000 , C:\Windows\system32\cscript.exe,3860 , 4224 , ('NT AUTHORITY', 0, 'SYSTEM') , N/A
cscript.exe C:\Users\BULFU\Desktop\blackhat\temp\bhservice_task.vbs , 20231031170012.205837+000 , C:\Windows\system32\cscript.exe,3860 , 1528 , ('NT AUTHORITY', 0, 'SYSTEM') , N/A
"C:\Windows\system32\SearchFilterHost.exe" 0 796 800 808 8192 804 780  , 20231031170013.220262+000 , C:\Windows\system32\SearchFilterHost.exe,988 , 1440 , ('NT AUTHORITY', 0, 'SYSTEM') , SeChangeNotifyPrivilege|
cscript.exe C:\Users\BULFU\Desktop\blackhat\temp\bhservice_task.vbs , 20231031170113.370935+000 , C:\Windows\system32\cscript.exe,3860 , 5620 , ('NT AUTHORITY', 0, 'SYSTEM') , N/A
cscript.exe C:\Users\BULFU\Desktop\blackhat\temp\bhservice_task.vbs , 20231031170214.551095+000 , C:\Windows\system32\cscript.exe,3860 , 5880 , ('NT AUTHORITY', 0, 'SYSTEM') , N/A
"/C/Program Files/Sublime Text/sublime_text.exe" --crawl 5612crawl340s0 5612crawl340r0 5612 "/C/Users/BULFU/AppData/Roaming/Sublime Text" "/C/Users/BULFU/AppData/Local/Sublime Text" "/C/Program Files/Sublime Text/Packages" , 20231031170215.677444+000 , C:\Program Files\Sublime Text\sublime_text.exe,5612 , 1196 , ('DESKTOP-CQ9GT7R', 0, 'BULFU') , SeChangeNotifyPrivilege|
"C:\Windows\system32\SearchProtocolHost.exe" Global\UsGthrFltPipeMssGthrPipe9_ Global\UsGthrCtrlFltPipeMssGthrPipe9 1 -2147483646 "Software\Microsoft\Windows Search" "Mozilla/4.0 (compatible; MSIE 6.0; Windows NT; MS Search 4.0 Robot)" "C:\ProgramData\Microsoft\Search\Data\Temp\usgthrsvc" "DownLevelDaemon"  , 20231031170215.732113+000 , C:\Windows\system32\SearchProtocolHost.exe,988 , 2112 , ('NT AUTHORITY', 0, 'SYSTEM') , N/A
"C:\Windows\system32\SearchFilterHost.exe" 0 796 800 808 8192 804 780  , 20231031170215.931083+000 , C:\Windows\system32\SearchFilterHost.exe,988 , 4584 , ('NT AUTHORITY', 0, 'SYSTEM') , SeChangeNotifyPrivilege|
cscript.exe C:\Users\BULFU\Desktop\blackhat\temp\bhservice_task.vbs , 20231031170315.777225+000 , C:\Windows\system32\cscript.exe,3860 , 364 , ('NT AUTHORITY', 0, 'SYSTEM') , N/A
cscript.exe C:\Users\BULFU\Desktop\blackhat\temp\bhservice_task.vbs , 20231031170416.965847+000 , C:\Windows\system32\cscript.exe,3860 , 4480 , ('NT AUTHORITY', 0, 'SYSTEM') , N/A
"C:\Windows\system32\SearchFilterHost.exe" 0 796 800 808 8192 804 780  , 20231031170418.056440+000 , C:\Windows\system32\SearchFilterHost.exe,988 , 4628 , ('NT AUTHORITY', 0, 'SYSTEM') , SeChangeNotifyPrivilege|
"C:\Program Files (x86)\Microsoft\EdgeUpdate\MicrosoftEdgeUpdate.exe" /ua /installsource scheduler , 20231031170507.523343+000 , None,968 , 3800 , ('NT AUTHORITY', 0, 'SYSTEM') , N/A
cscript.exe C:\Users\BULFU\Desktop\blackhat\temp\bhservice_task.vbs , 20231031170518.098412+000 , C:\Windows\system32\cscript.exe,3860 , 1584 , ('NT AUTHORITY', 0, 'SYSTEM') , N/A
cscript.exe C:\Users\BULFU\Desktop\blackhat\temp\bhservice_task.vbs , 20231031170619.277339+000 , C:\Windows\system32\cscript.exe,3860 , 2952 , ('NT AUTHORITY', 0, 'SYSTEM') , N/A
"C:\Windows\system32\SearchFilterHost.exe" 0 796 800 808 8192 804 780  , 20231031170620.344503+000 , C:\Windows\system32\SearchFilterHost.exe,988 , 5324 , ('NT AUTHORITY', 0, 'SYSTEM') , SeChangeNotifyPrivilege|
cscript.exe C:\Users\BULFU\Desktop\blackhat\temp\bhservice_task.vbs , 20231031170720.465999+000 , C:\Windows\system32\cscript.exe,3860 , 3696 , ('NT AUTHORITY', 0, 'SYSTEM') , N/A
cscript.exe C:\Users\BULFU\Desktop\blackhat\temp\bhservice_task.vbs , 20231031170821.684702+000 , C:\Windows\system32\cscript.exe,3860 , 4632 , ('NT AUTHORITY', 0, 'SYSTEM') , N/A
"/C/Program Files/Sublime Text/sublime_text.exe" --crawl 5612crawl360s0 5612crawl360r0 5612 "/C/Users/BULFU/AppData/Roaming/Sublime Text" "/C/Users/BULFU/AppData/Local/Sublime Text" "/C/Program Files/Sublime Text/Packages" , 20231031170822.865695+000 , C:\Program Files\Sublime Text\sublime_text.exe,5612 , 1888 , ('DESKTOP-CQ9GT7R', 0, 'BULFU') , SeChangeNotifyPrivilege|
"C:\Windows\system32\SearchFilterHost.exe" 0 796 800 808 8192 804 780  , 20231031170822.755040+000 , C:\Windows\system32\SearchFilterHost.exe,988 , 4372 , ('NT AUTHORITY', 0, 'SYSTEM') , SeChangeNotifyPrivilege|
cscript.exe C:\Users\BULFU\Desktop\blackhat\temp\bhservice_task.vbs , 20231031170922.933253+000 , C:\Windows\system32\cscript.exe,3860 , 5720 , ('NT AUTHORITY', 0, 'SYSTEM') , N/A
"/C/Program Files/Sublime Text/sublime_text.exe" --crawl 5612crawl362s0 5612crawl362r0 5612 "/C/Users/BULFU/AppData/Roaming/Sublime Text" "/C/Users/BULFU/AppData/Local/Sublime Text" "/C/Program Files/Sublime Text/Packages" , 20231031170924.068473+000 , C:\Program Files\Sublime Text\sublime_text.exe,5612 , 3792 , ('DESKTOP-CQ9GT7R', 0, 'BULFU') , SeChangeNotifyPrivilege|
cscript.exe C:\Users\BULFU\Desktop\blackhat\temp\bhservice_task.vbs , 20231031171024.121782+000 , C:\Windows\system32\cscript.exe,3860 , 4452 , ('NT AUTHORITY', 0, 'SYSTEM') , N/A
"/C/Program Files/Sublime Text/sublime_text.exe" --crawl 5612crawl364s0 5612crawl364r0 5612 "/C/Users/BULFU/AppData/Roaming/Sublime Text" "/C/Users/BULFU/AppData/Local/Sublime Text" "/C/Program Files/Sublime Text/Packages" , 20231031171025.293179+000 , C:\Program Files\Sublime Text\sublime_text.exe,5612 , 1440 , ('DESKTOP-CQ9GT7R', 0, 'BULFU') , SeChangeNotifyPrivilege|
"C:\Program Files (x86)\Microsoft\EdgeUpdate\MicrosoftEdgeUpdate.exe" /ua /installsource scheduler , 20231031171039.902547+000 , C:\Program Files (x86)\Microsoft\EdgeUpdate\MicrosoftEdgeUpdate.exe,968 , 5064 , ('NT AUTHORITY', 0, 'SYSTEM') , N/A
\??\C:\Windows\system32\conhost.exe 0x4 , 20231031171041.351699+000 , C:\Windows\system32\conhost.exe,5204 , 1668 , ('NT AUTHORITY', 0, 'SYSTEM') , N/A
"C:\ProgramData\Microsoft\Windows Defender\platform\4.18.23090.2008-0\MpCmdRun.exe" -IdleTask -TaskName WdVerification , 20231031171041.185975+000 , C:\ProgramData\Microsoft\Windows Defender\platform\4.18.23090.2008-0\MpCmdRun.exe,968 , 1716 , ('NT AUTHORITY', 0, 'SYSTEM') , N/A
"C:\ProgramData\Microsoft\Windows Defender\platform\4.18.23090.2008-0\MpCmdRun.exe" -IdleTask -TaskName WdCleanup , 20231031171041.154345+000 , C:\ProgramData\Microsoft\Windows Defender\platform\4.18.23090.2008-0\MpCmdRun.exe,968 , 2472 , ('NT AUTHORITY', 0, 'SYSTEM') , N/A
\??\C:\Windows\system32\conhost.exe 0x4 , 20231031171041.345977+000 , C:\Windows\system32\conhost.exe,1716 , 2736 , ('NT AUTHORITY', 0, 'SYSTEM') , N/A
\??\C:\Windows\system32\conhost.exe 0x4 , 20231031171041.326444+000 , C:\Windows\system32\conhost.exe,2472 , 4016 , ('NT AUTHORITY', 0, 'SYSTEM') , N/A
"C:\ProgramData\Microsoft\Windows Defender\platform\4.18.23090.2008-0\MpCmdRun.exe" -IdleTask -TaskName WdCacheMaintenance , 20231031171041.172540+000 , C:\ProgramData\Microsoft\Windows Defender\platform\4.18.23090.2008-0\MpCmdRun.exe,968 , 5020 , ('NT AUTHORITY', 0, 'SYSTEM') , N/A
"C:\ProgramData\Microsoft\Windows Defender\platform\4.18.23090.2008-0\MpCmdRun.exe" Scan -ScheduleJob -ScanTrigger 55 -IdleScheduledJob , 20231031171041.179987+000 , C:\ProgramData\Microsoft\Windows Defender\platform\4.18.23090.2008-0\MpCmdRun.exe,968 , 5204 , ('NT AUTHORITY', 0, 'SYSTEM') , N/A
\??\C:\Windows\system32\conhost.exe 0x4 , 20231031171041.356415+000 , C:\Windows\system32\conhost.exe,5020 , 5888 , ('NT AUTHORITY', 0, 'SYSTEM') , N/A
cscript.exe C:\Users\BULFU\Desktop\blackhat\temp\bhservice_task.vbs , 20231031171125.366701+000 , C:\Windows\system32\cscript.exe,3860 , 2980 , ('NT AUTHORITY', 0, 'SYSTEM') , N/A
"/C/Program Files/Sublime Text/sublime_text.exe" --crawl 5612crawl369s0 5612crawl369r0 5612 "/C/Users/BULFU/AppData/Roaming/Sublime Text" "/C/Users/BULFU/AppData/Local/Sublime Text" "/C/Program Files/Sublime Text/Packages" , 20231031171126.470663+000 , C:\Program Files\Sublime Text\sublime_text.exe,5612 , 2788 , ('DESKTOP-CQ9GT7R', 0, 'BULFU') , SeChangeNotifyPrivilege|
"c:\windows\system32\\svchost.exe" , 20231031171134.037934+000 , None,2068 , 4568 , ('NT AUTHORITY', 0, 'SYSTEM') , N/A
cscript.exe C:\Users\BULFU\Desktop\blackhat\temp\bhservice_task.vbs , 20231031171226.551663+000 , C:\Windows\system32\cscript.exe,3860 , 848 , ('NT AUTHORITY', 0, 'SYSTEM') , N/A
"/C/Program Files/Sublime Text/sublime_text.exe" --crawl 5612crawl371s0 5612crawl371r0 5612 "/C/Users/BULFU/AppData/Roaming/Sublime Text" "/C/Users/BULFU/AppData/Local/Sublime Text" "/C/Program Files/Sublime Text/Packages" , 20231031171227.673591+000 , C:\Program Files\Sublime Text\sublime_text.exe,5612 , 4384 , ('DESKTOP-CQ9GT7R', 0, 'BULFU') , SeChangeNotifyPrivilege|
None , 20231031171232.101244+000 , None,572 , 4352 , ('NT AUTHORITY', 0, 'SYSTEM') , N/A
"C:\Windows\system32\usoclient.exe" StartScan , 20231031171249.860374+000 , None,968 , 1660 , ('NT AUTHORITY', 0, 'SYSTEM') , N/A
C:\Windows\System32\mousocoreworker.exe -Embedding , 20231031171251.298367+000 , C:\Windows\System32\mousocoreworker.exe,700 , 4848 , ('NT AUTHORITY', 0, 'SYSTEM') , N/A
None , 20231031171256.081343+000 , None,572 , 3656 , ('NT AUTHORITY', 0, 'SYSTEM') , N/A
None , 20231031171257.862490+000 , None,572 , 1704 , ('NT AUTHORITY', 0, 'NETWORK SERVICE') , N/A
"C:\Windows\system32\SearchProtocolHost.exe" Global\UsGthrFltPipeMssGthrPipe10_ Global\UsGthrCtrlFltPipeMssGthrPipe10 1 -2147483646 "Software\Microsoft\Windows Search" "Mozilla/4.0 (compatible; MSIE 6.0; Windows NT; MS Search 4.0 Robot)" "C:\ProgramData\Microsoft\Search\Data\Temp\usgthrsvc" "DownLevelDaemon"  , 20231031171257.254906+000 , C:\Windows\system32\SearchProtocolHost.exe,988 , 2628 , ('NT AUTHORITY', 0, 'SYSTEM') , N/A
"C:\Windows\system32\SearchFilterHost.exe" 0 796 800 808 8192 804 780  , 20231031171257.302221+000 , C:\Windows\system32\SearchFilterHost.exe,988 , 5720 , ('NT AUTHORITY', 0, 'SYSTEM') , SeChangeNotifyPrivilege|
taskhostw.exe , 20231031171302.157655+000 , C:\Windows\system32\taskhostw.exe,968 , 4340 , ('NT AUTHORITY', 0, 'SYSTEM') , N/A
C:\Windows\servicing\TrustedInstaller.exe , 20231031171323.790219+000 , C:\Windows\servicing\TrustedInstaller.exe,572 , 2388 , ('NT AUTHORITY', 0, 'SYSTEM') , N/A
taskhostw.exe , 20231031171324.800369+000 , None,968 , 5852 , ('DESKTOP-CQ9GT7R', 0, 'BULFU') , SeChangeNotifyPrivilege|
C:\Windows\winsxs\amd64_microsoft-windows-servicingstack_31bf3856ad364e35_10.0.19041.3562_none_7e0523f67c93b82a\TiWorker.exe -Embedding , 20231031171324.186238+000 , C:\Windows\winsxs\amd64_microsoft-windows-servicingstack_31bf3856ad364e35_10.0.19041.3562_none_7e0523f67c93b82a\TiWorker.exe,700 , 884 , ('NT AUTHORITY', 0, 'SYSTEM') , N/A
cscript.exe C:\Users\BULFU\Desktop\blackhat\temp\bhservice_task.vbs , 20231031171327.745399+000 , None,3860 , 3196 , ('NT AUTHORITY', 0, 'SYSTEM') , N/A
"/C/Program Files/Sublime Text/sublime_text.exe" --crawl 5612crawl380s0 5612crawl380r0 5612 "/C/Users/BULFU/AppData/Roaming/Sublime Text" "/C/Users/BULFU/AppData/Local/Sublime Text" "/C/Program Files/Sublime Text/Packages" , 20231031171328.867183+000 , None,5612 , 4664 , ('DESKTOP-CQ9GT7R', 0, 'BULFU') , SeChangeNotifyPrivilege|
None , 20231031171405.332681+000 , None,572 , 3624 , ('NT AUTHORITY', 0, 'NETWORK SERVICE') , N/A
None , 20231031171428.581563+000 , None,572 , 992 , ('NT AUTHORITY', 0, 'SYSTEM') , N/A
cscript.exe C:\Users\BULFU\Desktop\blackhat\temp\bhservice_task.vbs , 20231031171429.285262+000 , C:\Windows\system32\cscript.exe,3860 , 4016 , ('NT AUTHORITY', 0, 'SYSTEM') , N/A
"/C/Program Files/Sublime Text/sublime_text.exe" --crawl 5612crawl383s0 5612crawl383r0 5612 "/C/Users/BULFU/AppData/Roaming/Sublime Text" "/C/Users/BULFU/AppData/Local/Sublime Text" "/C/Program Files/Sublime Text/Packages" , 20231031171430.364652+000 , None,5612 , 4568 , ('DESKTOP-CQ9GT7R', 0, 'BULFU') , SeChangeNotifyPrivilege|
cscript.exe C:\Users\BULFU\Desktop\blackhat\temp\bhservice_task.vbs , 20231031171530.769498+000 , C:\Windows\system32\cscript.exe,3860 , 3408 , ('NT AUTHORITY', 0, 'SYSTEM') , N/A
"/C/Program Files/Sublime Text/sublime_text.exe" --crawl 5612crawl385s0 5612crawl385r0 5612 "/C/Users/BULFU/AppData/Roaming/Sublime Text" "/C/Users/BULFU/AppData/Local/Sublime Text" "/C/Program Files/Sublime Text/Packages" , 20231031171531.877333+000 , C:\Program Files\Sublime Text\sublime_text.exe,5612 , 3048 , ('DESKTOP-CQ9GT7R', 0, 'BULFU') , SeChangeNotifyPrivilege|
cscript.exe C:\Users\BULFU\Desktop\blackhat\temp\bhservice_task.vbs , 20231031171632.053037+000 , C:\Windows\system32\cscript.exe,3860 , 4156 , ('NT AUTHORITY', 0, 'SYSTEM') , N/A
"/C/Program Files/Sublime Text/sublime_text.exe" --crawl 5612crawl387s0 5612crawl387r0 5612 "/C/Users/BULFU/AppData/Roaming/Sublime Text" "/C/Users/BULFU/AppData/Local/Sublime Text" "/C/Program Files/Sublime Text/Packages" , 20231031171633.175061+000 , C:\Program Files\Sublime Text\sublime_text.exe,5612 , 2968 , ('DESKTOP-CQ9GT7R', 0, 'BULFU') , SeChangeNotifyPrivilege|
taskhostw.exe "C:\ProgramData\Microsoft\Windows Defender\platform\4.18.23090.2008-0\MpCmdRun.exe" -IdleTask -TaskName WdCacheMaintenance , 20231031171715.725959+000 , None,968 , 6044 , ('NT AUTHORITY', 0, 'SYSTEM') , N/A
C:\Windows\system32\AUDIODG.EXE 0x498 0x4d4 , 20231031171716.596679+000 , None,1424 , 3060 , ('NT AUTHORITY', 0, 'LOCAL SERVICE') , N/A
"C:\Program Files\WindowsApps\microsoft.windowscommunicationsapps_16005.14326.21640.0_x64__8wekyb3d8bbwe\HxTsr.exe" -ServerName:Hx.IPC.Server , 20231031171717.953394+000 , C:\Program Files\WindowsApps\microsoft.windowscommunicationsapps_16005.14326.21640.0_x64__8wekyb3d8bbwe\HxTsr.exe,700 , 3432 , ('DESKTOP-CQ9GT7R', 0, 'BULFU') , SeChangeNotifyPrivilege|
"C:\Windows\system32\backgroundTaskHost.exe" -ServerName:Microsoft.MicrosoftOfficeHub.AppX54h2e8jwdm50fj5ha8987vz1etpx7czd.mca , 20231031171717.137628+000 , C:\Windows\system32\backgroundTaskHost.exe,700 , 6024 , ('DESKTOP-CQ9GT7R', 0, 'BULFU') , SeChangeNotifyPrivilege|
"C:\Windows\system32\backgroundTaskHost.exe" -ServerName:ShellFeedsUI.AppXnj65k2d1a1rnztt2t2nng5ctmk3e76pn.mca , 20231031171717.138041+000 , C:\Windows\system32\backgroundTaskHost.exe,700 , 844 , ('DESKTOP-CQ9GT7R', 0, 'BULFU') , SeChangeNotifyPrivilege|
C:\Windows\System32\RuntimeBroker.exe -Embedding , 20231031171720.466464+000 , C:\Windows\System32\RuntimeBroker.exe,700 , 2584 , ('DESKTOP-CQ9GT7R', 0, 'BULFU') , SeChangeNotifyPrivilege|
C:\Windows\System32\RuntimeBroker.exe -Embedding , 20231031171722.023347+000 , None,700 , 4732 , ('DESKTOP-CQ9GT7R', 0, 'BULFU') , SeChangeNotifyPrivilege|
CommandLine, Time, Executable, Parent PID, PID, User, Privileges
cscript.exe C:\Users\BULFU\Desktop\blackhat\temp\bhservice_task.vbs , 20231031175900.701925+000 , C:\Windows\system32\cscript.exe,3860 , 3460 , ('NT AUTHORITY', 0, 'SYSTEM') , N/A
CommandLine, Time, Executable, Parent PID, PID, User, Privileges
"C:\Windows\system32\backgroundTaskHost.exe" -ServerName:ShellFeedsUI.AppXnj65k2d1a1rnztt2t2nng5ctmk3e76pn.mca , 20231031184636.917125+000 , C:\Windows\system32\backgroundTaskHost.exe,700 , 2520 , ('DESKTOP-CQ9GT7R', 0, 'BULFU') , N/A
None , 20231031184636.561735+000 , None,596 , 4420 , ('NT AUTHORITY', 0, 'SYSTEM') , N/A
cscript.exe C:\Users\BULFU\Desktop\blackhat\temp\bhservice_task.vbs , 20231031184706.741314+000 , C:\Windows\system32\cscript.exe,2712 , 3540 , ('NT AUTHORITY', 0, 'SYSTEM') , N/A
taskhostw.exe Install $(Arg0) , 20231031184802.785071+000 , C:\Windows\system32\taskhostw.exe,968 , 2504 , ('DESKTOP-CQ9GT7R', 0, 'BULFU') , N/A
C:\Windows\winsxs\amd64_microsoft-windows-servicingstack_31bf3856ad364e35_10.0.19041.3562_none_7e0523f67c93b82a\TiWorker.exe -Embedding , 20231031184803.442253+000 , None,700 , 4148 , ('NT AUTHORITY', 0, 'SYSTEM') , N/A
C:\Windows\servicing\TrustedInstaller.exe , 20231031184802.997016+000 , C:\Windows\servicing\TrustedInstaller.exe,596 , 6040 , ('NT AUTHORITY', 0, 'SYSTEM') , N/A
cscript.exe C:\Users\BULFU\Desktop\blackhat\temp\bhservice_task.vbs , 20231031184807.895829+000 , C:\Windows\system32\cscript.exe,2712 , 3008 , ('NT AUTHORITY', 0, 'SYSTEM') , N/A
"C:\Windows\system32\SearchFilterHost.exe" 0 792 796 804 8192 800 776  , 20231031184808.949602+000 , C:\Windows\system32\SearchFilterHost.exe,3672 , 3452 , ('NT AUTHORITY', 0, 'SYSTEM') , N/A
C:\Windows\system32\ApplicationFrameHost.exe -Embedding , 20231031184815.539516+000 , C:\Windows\system32\ApplicationFrameHost.exe,700 , 1320 , ('DESKTOP-CQ9GT7R', 0, 'BULFU') , N/A
"C:\Program Files\WindowsApps\Microsoft.WindowsCalculator_11.2307.4.0_x64__8wekyb3d8bbwe\CalculatorApp.exe" -ServerName:App.AppXjvs2nbwryyqjz1h8d8v70f70g3rgdcyb.mca , 20231031184815.530174+000 , C:\Program Files\WindowsApps\Microsoft.WindowsCalculator_11.2307.4.0_x64__8wekyb3d8bbwe\CalculatorApp.exe,700 , 4924 , ('DESKTOP-CQ9GT7R', 0, 'BULFU') , N/A
C:\Windows\System32\RuntimeBroker.exe -Embedding , 20231031184820.566509+000 , C:\Windows\System32\RuntimeBroker.exe,700 , 6124 , ('DESKTOP-CQ9GT7R', 0, 'BULFU') , N/A
